Title,Channel URL
- ROMI Garage -,https://www.youtube.com/channel/UCUpNXdiltjlODgIIQSUXYCg
1 Minute Animals,https://www.youtube.com/channel/UCejVe2sNPjjvfCXg35q_EQQ
1Media,https://www.youtube.com/channel/UCS2SVFHUkMd6ukUcIfvmCsQ
3CatCultura,https://www.youtube.com/channel/UCcOh4_iym9H-q5HSHjPg4Xw
3Frames Studio,https://www.youtube.com/channel/UCYbH_4lkGimn2mkZmYBXZgw
3x3Custom - Tamar,https://www.youtube.com/channel/UC39z4_U8Kls0llAij3RRZAQ
5-Minute Crafts,https://www.youtube.com/channel/UC295-Dw_tDNtZXFeAPAW6Aw
8K Videos and Drone Footage,https://www.youtube.com/channel/UCRnzPkjNeL2jLU-CimMPLgA
13Lunas.NET_oficial,https://www.youtube.com/channel/UCeIs38B7R65kfO6UJypB5lQ
20syl,https://www.youtube.com/channel/UCKQCaDW4LqL3l1ai8yisvUw
66Samus,https://www.youtube.com/channel/UC3unJShm6iXtw9QgDnb9KPg
80sFreestyle,https://www.youtube.com/channel/UC5RxoTOD4xxYqe234Q7YVhg
750 Motor Club,https://www.youtube.com/channel/UCpCo32QsQDBsIhZagJS0Alw
1000 Petals,https://www.youtube.com/channel/UCtGH5HNXoQ43uOwOIKzcuAg
2610,https://www.youtube.com/channel/UCyn_ltTmDHIpI23KHT0ocMg
2666 - The Art Of Listening,https://www.youtube.com/channel/UC7shUDSkHjuQNegPhGdANQQ
_bencebacsi_,https://www.youtube.com/channel/UC3Ts9VvDAbaYy-38qOhSe3A
A Chick Called Albert,https://www.youtube.com/channel/UCBjh-uGy5RcclATnFpQBobw
A film by OX,https://www.youtube.com/channel/UC_XZvw2sCJWEfEiG7aTDnPA
A FISTFUL OF TRUTH !,https://www.youtube.com/channel/UC74tkS3M_NOlDUJCSGT2Vfg
A toda leche,https://www.youtube.com/channel/UChtpOdya2W7F0V9FrVVzQCg
A Tribe Called Quest,https://www.youtube.com/channel/UC2Vr5tlVtYMm46jMU9vjoyA
A-YEON,https://www.youtube.com/channel/UCdld7SHk9IyYSkNrHA9B6Dw
A. R. Rahman,https://www.youtube.com/channel/UC3mb5QRlm4VQmOZD_P0ctGw
Aakash Gupta,https://www.youtube.com/channel/UCqWHvpI4P5d49DfTru1XdkA
AaronGrooves,https://www.youtube.com/channel/UCgK8Thq8i7hRhCLwGVW37QA
ABC do Bonsai,https://www.youtube.com/channel/UCt2HZgNN6ycWlaOMpnoZFcw
Absolute History,https://www.youtube.com/channel/UCr5qeBG9g7bGtMGyHG2GzbQ
Absolute Truth sahaja yoga,https://www.youtube.com/channel/UCILJrZhXGMcuoMAB5ZugAag
Academatica,https://www.youtube.com/channel/UC2EnI_I2_SDpT_WYXEslUiw
Academia Sueños,https://www.youtube.com/channel/UCQqWeF0zckAam6lo61oyhnQ
acens,https://www.youtube.com/channel/UCX6l0X2xSgXd3_GOttOLVVQ
Acethetic,https://www.youtube.com/channel/UCPC-Flz1zhC7GouC0Py5GIw
Acethetic - Topic,https://www.youtube.com/channel/UCEGtIf-tx-Vh8W7h5xLSYxA
ACMÉCANICA motos TV,https://www.youtube.com/channel/UCoMTnatSaLKRj7qHx3POqJA
ADAC Motorsports,https://www.youtube.com/channel/UCMehJkatrBnXQnjQ7dWID7A
ADAM RAGA,https://www.youtube.com/channel/UC-xR2y2wtJX5OX6scfQdEMQ
ADBHUT MYSTERY,https://www.youtube.com/channel/UCzX4xWaEKY22D7KQTEm65Kg
ADBHUT MYSTERY 2.0,https://www.youtube.com/channel/UCNA-SySf1EDk6FK-ApqxfgA
Adorable Marmoset Monkey,https://www.youtube.com/channel/UCnNhCF-sQRvX4NUWo12x-Pw
Adorable Paws,https://www.youtube.com/channel/UCz_cPU8mjoveseNrasZ91rg
Advoko MAKES,https://www.youtube.com/channel/UCc1ufNROdAxto9Fr0jnEE2Q
AEWAR,https://www.youtube.com/channel/UCRo3Cs2laaMWu5V5uRqWnEQ
Agua alcalina de Alcavida.,https://www.youtube.com/channel/UCSSQCyz-qyFExWT7dNOs6rg
Agufish,https://www.youtube.com/channel/UCkdgMB7UBSnAkQhEQwgdCqQ
Aimé Leon Dore,https://www.youtube.com/channel/UCSdX8vt4nM1Su_cJXXOQ7mA
Airsoftitaca,https://www.youtube.com/channel/UC-SmvXYN6TTW9KEtCw5M27g
Akra Jazz Festival,https://www.youtube.com/channel/UC0GidNYiY_s-OPEGB32JFUw
Aksel Frank,https://www.youtube.com/channel/UCSHtCMgMEpF1D3wfJN0UOVQ
AL KING WORLD,https://www.youtube.com/channel/UCVyzMKgKqE04ZEIA5jdXQ1g
Al Tayr Ensemble,https://www.youtube.com/channel/UCNsm9QcNoxbKkziYLu9I0Ww
Albert Bello,https://www.youtube.com/channel/UCE6OGwKnCCDBdhG3_eZVdTg
Albert Vila Bacardí,https://www.youtube.com/channel/UCbyh13XGUsbp2LabxTIs6YQ
Alchemy,https://www.youtube.com/channel/UC-pa_nxZ7-ti48Cf8DBooLA
Aleix Pàmies,https://www.youtube.com/channel/UC73TuolULgR94qeh42Oni1Q
Alejandro Aguanta - Guitarist,https://www.youtube.com/channel/UCqmlwZYhkJFc2GaV7LYv9Cg
Alex Ferr,https://www.youtube.com/channel/UCNPsgl1Mc2WrjKOSwwnAOvw
Alexandra Whittingham,https://www.youtube.com/channel/UCmDGLNF7RJflc_1H2c2GLTw
Alexandros Iacovides,https://www.youtube.com/channel/UCeafoG43aYjc_Mn0g3K5lwA
Alfa Mist,https://www.youtube.com/channel/UC6zqgjyGaf_b6nd3rqR7MUA
Alfonso Martínez,https://www.youtube.com/channel/UCCCGdh_cIW0VAGQgbBInkiQ
Alien Truth,https://www.youtube.com/channel/UCTwv_gUDXQ-6eHlv5uqfsfA
Alpha Live,https://www.youtube.com/channel/UCFhH6ENIQSjPsUNCSmwX_uw
Alpha Mind,https://www.youtube.com/channel/UCe-m8NsROiF2cQqjXWZVwNA
Altan Nergui,https://www.youtube.com/channel/UCE5UAU0-6zBnF5yK33iCUYA
ALTBIK,https://www.youtube.com/channel/UC48D9UdOa7lIKV-uuTy_V3A
Alto y Claro TV,https://www.youtube.com/channel/UCtOKsPQeiW6HLXTQukDnN9A
Alvaro Barrientos Montero,https://www.youtube.com/channel/UCUCzRxvntFYTQigcty8Bbbw
Alvaro Zannelli AGUA DE MAR SOL Y BUENA VIDA,https://www.youtube.com/channel/UCGMsxxjNK1liqpYF4zjkCzA
alyankovic,https://www.youtube.com/channel/UCDBrVr0ttWpoRY-_yZajp2Q
Amanda Ventura,https://www.youtube.com/channel/UCui0k2lZsmIS2lL3Sjo64Eg
Amar Chitra Katha,https://www.youtube.com/channel/UCaymvCOGWUB4kcOh0bXPZZg
Amazing Discoveries,https://www.youtube.com/channel/UCGmv31EbHg8wPORSb9s_lXg
AMETLLER ORIGEN,https://www.youtube.com/channel/UCxvKjZULX_IShllUJPVsECQ
Amped Electric Games,https://www.youtube.com/channel/UCnWwiJSpGSL4H_-JFM6ViFg
ANATOLY,https://www.youtube.com/channel/UCwYQXYfPHTZKANHzBHdYo2w
Ancient Architects,https://www.youtube.com/channel/UCscI4NOggNSN-Si5QgErNCw
Ancient World History,https://www.youtube.com/channel/UCy_fpRL6le-23nGwphh09sQ
andrea terenzi,https://www.youtube.com/channel/UCtiqR84v9Qmbe-wcUpcvx0Q
Andres Masier,https://www.youtube.com/channel/UCSn8nUN_eJrVBLaOg9D5HjA
Andrés Espinosa,https://www.youtube.com/channel/UCGx4eI_9t2GDZK1Kfh4_FxA
Andy FORZA,https://www.youtube.com/channel/UCn9OsL0TZ4c0bo6_XPkm6xA
Andy Phillip,https://www.youtube.com/channel/UCDQz4H7tz6Fwu5_5rg4W6pA
Angel Arteck,https://www.youtube.com/channel/UCFY_6_GKetL06lo8C9VqIUQ
angel_gaitan_oficial,https://www.youtube.com/channel/UCnR5jPCzRBFyOiLzD5Sq5dA
Angelatedo,https://www.youtube.com/channel/UC0Wg1TUmlxj6ihalJPxHyqg
Animais Do Sertão,https://www.youtube.com/channel/UCEcvfHmYdUaYIqfkGowP2Dw
Animal guard,https://www.youtube.com/channel/UCJxtz0xUyMfp31skMc8FPVw
Animal Planet,https://www.youtube.com/channel/UCkEBDbzLyH-LbB2FgMoSMaQ
Animales del Mundo,https://www.youtube.com/channel/UClaLicKC9Flm6u4Xm9x2MdA
Animalogic,https://www.youtube.com/channel/UCwg6_F2hDHYrqbNSGjmar4w
Animals_Home,https://www.youtube.com/channel/UCth6n_FHj9XBqGNuuVgcizA
ANNUR Contenidos,https://www.youtube.com/channel/UCA6KQiQTBffBfhE4FXZPsUQ
Antonio Gonzalezmayo,https://www.youtube.com/channel/UCtkHUKbbv46nOGlDwTKg0uA
Antonio Maeso,https://www.youtube.com/channel/UCnBPWMdWO4pIsAUNN3AkwqQ
Antonio Portugal Alvizuri,https://www.youtube.com/channel/UCpC-ML4mYCJFK7R0bfaXsfA
Antonio Sarosi,https://www.youtube.com/channel/UCzTi9I3zApECTkukkMOpEEA
antya11,https://www.youtube.com/channel/UCWRne-sT9rTCLA9YJic1cmw
ANUNNAKI / 1 ANUNNAKI / ANUNNAKI - THE MOVIE,https://www.youtube.com/channel/UC2viqWOdAi1Z7y9PBWu8qlw
Anunnaki Ancient Mystery by Lucas M. Kern,https://www.youtube.com/channel/UC2lolVgbKA4BT8WqLznDGWA
ANW EXTREME,https://www.youtube.com/channel/UCIGNg9x2x0eYkiENUfZ5HdQ
AppliancePartsPros,https://www.youtube.com/channel/UCnMCOX6qSbTUQPyJJzRwPcg
Aprende con el Profe Iván,https://www.youtube.com/channel/UCFjHJ7TWLtw8-rjhXbJx-sw
Aprende Y Emprende Confeccíones.,https://www.youtube.com/channel/UCKcYLvdxaVj0yShQxoKEpLQ
Aprender Inglés Americano,https://www.youtube.com/channel/UCT4KnKRhk8j4cCzTUVb3iiw
aprendsait,https://www.youtube.com/channel/UCiqHMczPWF33M5MWD-52wsw
Apron,https://www.youtube.com/channel/UCgzJrXg7oh7lj-bMC-pzkgw
Aradhana Talwar,https://www.youtube.com/channel/UCE_I0vbzqhGLhmO4C55MmAg
aramco,https://www.youtube.com/channel/UCsMpjOUqn7pExBdJpaHCeMg
Arcane Knowledge,https://www.youtube.com/channel/UC8ODjrPkOUYpv6LwY4OFmZA
Archivo Prisma,https://www.youtube.com/channel/UC8_K7bDkWkuPaKkDTDqVyQw
Arquitecto Calderon,https://www.youtube.com/channel/UCfygTE5N9IbFH67yxldUrkA
Art Room,https://www.youtube.com/channel/UCa0W6y3zXCgeFMqD9s8Bt_g
ARTE Concert,https://www.youtube.com/channel/UC-smeLB9AnOTeypr1YyjJ3A
Arte Vivo y Divertido,https://www.youtube.com/channel/UCkggcB4wg1ba7st3uvFCyXQ
Arvind K Tech,https://www.youtube.com/channel/UCo7NRkOfHE1psxeyqug1vNA
As Channel -アズチャンネル- 盆栽とカメラ,https://www.youtube.com/channel/UCheIJ2YOC9ixKaLtJcoKkxA
As Ribeirinhas da Amazônia Fabiola e Fabiane.,https://www.youtube.com/channel/UCH2uPa8_-4IaEc-pEhf6-2Q
Ashkhen.Gevorkian,https://www.youtube.com/channel/UCrXdoX84wmDJj6aOQjaZ3Kw
asleisure,https://www.youtube.com/channel/UC4Y6ckoQHxnFX1J4IVQRE6g
ASOCIACION CENTROMOTO,https://www.youtube.com/channel/UCEr7Q7c5hinsWPT1wjXjmPQ
Associació Dia de la Terra,https://www.youtube.com/channel/UCOclpcfrraGkKXRLSZ_H7XA
Astrio - Topic,https://www.youtube.com/channel/UCg9CfBwE6zntoAIsWTOZUww
astriomusic,https://www.youtube.com/channel/UCgnfWJksC0MjSrca2qCzppA
Astro Horizons,https://www.youtube.com/channel/UC9pYOJPB5UYlMlGKKZWo-Bw
Astrofotografía en México y el Mundo,https://www.youtube.com/channel/UCKwfjHCGi_1O0Jj-frMN-GA
Astronomiaweb,https://www.youtube.com/channel/UCUSiWX2jnPcT0K-smDhT9eg
astrovlog,https://www.youtube.com/channel/UC-8DZ-sTOoohhzndLNl4w1A
At Your Lotus Feet Mother,https://www.youtube.com/channel/UC7Qk4CsNRX_A0p-WnFbN9Bw
At Your Lotus Feet Shri Mataji,https://www.youtube.com/channel/UCqpfTUv8XcXZCLzJT0bEkEg
ATMOSH,https://www.youtube.com/channel/UClPUrBmAAb5vD0wTEehVhjg
ATOMS,https://www.youtube.com/channel/UCr9H_csUKehbQALhn9KNriA
Auckland Philharmonia,https://www.youtube.com/channel/UCJrEBMeSuyYHaD2-Y6wgx9A
Australian Sahaja Yogis Channel,https://www.youtube.com/channel/UCkfli5Lk0q_hf7-XJFBiupw
Australien Skies,https://www.youtube.com/channel/UCRwHT3cHm1uNqaa1ITzUwqg
Auto Addiction,https://www.youtube.com/channel/UCaxW6r282iWvzJmr3BwGc-A
Auto didactic,https://www.youtube.com/channel/UCSsz5hijS79cioRCJcZpW2A
Autogestiona tu Salud,https://www.youtube.com/channel/UCWLvrzGnMYA2zvWiX2dV2rQ
AutoZone,https://www.youtube.com/channel/UCau_trFHdG0ji7FCVx7oxHw
aventuradelmisterio,https://www.youtube.com/channel/UC8tSIBLcoIE4YNyavfFqabw
AVENTURAS DEL OESTE,https://www.youtube.com/channel/UCneRttSIsyRkwqXn_ITD-zw
AVENTURISTIC,https://www.youtube.com/channel/UCZILSr4FXBnXG1pQyOnWl6Q
Average White Band,https://www.youtube.com/channel/UC-XQD7rFBOVujM4KXbDrraw
Avtar Shree Mata Ji,https://www.youtube.com/channel/UCt68TUNYKUWTzMDER6-UGvQ
Ayurveda María de Ezcurra,https://www.youtube.com/channel/UCpfs-1OodiJ1edDmol0XxTg
azimuthnorth,https://www.youtube.com/channel/UC8eY0YDpky7x_5KHrisle1A
Backyard Birds of Australia,https://www.youtube.com/channel/UCjtZK3Vu1ofLkPL7mbyLMkw
Bake With Shivesh,https://www.youtube.com/channel/UCq4o0-2ANaIlNf_dPL3rjdw
Baljeet singh tabla artist,https://www.youtube.com/channel/UCCbHhDySF7FO6_T0wIRufeQ
Bamboo / Shorts,https://www.youtube.com/channel/UCN1E4_kfYLPGZwNt0bIvuGA
BAND-MAID,https://www.youtube.com/channel/UCJToUvYrmkmTCR-bluEaQfA
Barea Brothers,https://www.youtube.com/channel/UCGi4tMUNWdL21WY0r_okgeg
Bass Tunes,https://www.youtube.com/channel/UCY-AvdvDI9LskSyLzT9G_fA
BattleBots,https://www.youtube.com/channel/UCxNDM5ZhvDa_Z1qTUap7IRw
bayanist,https://www.youtube.com/channel/UCE98DH2rVOfIvW63WPITYug
BazPaws,https://www.youtube.com/channel/UCqTpCdJnnwlJcQsdP1mrltg
BBC Earth,https://www.youtube.com/channel/UCwmZiChSryoWQCZMIQezgTg
Bdeviajeros,https://www.youtube.com/channel/UCD1BcOxLTXBAYnMIxRCYf-A
Be Kindness,https://www.youtube.com/channel/UCou6pqxzTSYf8t-ISPmeQQw
BE SAHAJ,https://www.youtube.com/channel/UCXrywvzmNs6IdkEZLE0_aEw
BeamNG Insane Crashes,https://www.youtube.com/channel/UCboTk1F9UrX5GLu33vFa4sw
Beastly,https://www.youtube.com/channel/UC9LxuffQCm_Z4KBCoXZvSHA
BEATBOX BATTLE®,https://www.youtube.com/channel/UCOK_RKB7ErNzkF3_DPfWUWQ
BEATPELLA HOUSE,https://www.youtube.com/channel/UCWuLbEABJ8AmK7H_2bA8Y-w
Becorns | David M Bird,https://www.youtube.com/channel/UC6q7I1DD2Jv5Ur9UEIavIrA
Beeraii,https://www.youtube.com/channel/UC3Mitc2s8mHRrrh-VM9rrjg
Behind The Stunts (Behind The Stunts),https://www.youtube.com/channel/UCSsedcaHSeWYYwraUIt67HQ
Belleruche,https://www.youtube.com/channel/UCJYqIMdX4d7-6XwX_LGolLA
Beltaine - Topic,https://www.youtube.com/channel/UC1cZk4lbS6FhhZwdcd_nPdg
Ben Millam,https://www.youtube.com/channel/UCYLwzvWOtCzRrib1UQDDzAg
Bernat Font,https://www.youtube.com/channel/UChYEBDIrGxNrL9VPSMf0crA
BERNTH,https://www.youtube.com/channel/UCZvo8TZtUZkLgiH3rJsj-Ow
bertrand SY,https://www.youtube.com/channel/UCBEO4ETEi2G-kySMlSeTy2A
Best Documentary,https://www.youtube.com/channel/UCmOCpBKeoBPp-HwarhIBA2g
Best Pixel Repair,https://www.youtube.com/channel/UC-i7kEDbPfNo4qmHkBL90UQ
Beyond Origins,https://www.youtube.com/channel/UCTTQAOiR_0DuyQPZ6Dg-LHA
Beyond Science,https://www.youtube.com/channel/UCxo8ooAqXiObjuaIy10ud0A
Bhaskar Subramanian,https://www.youtube.com/channel/UCAoxAPczcqMQ-3HbmsKPgcg
Bhavani7,https://www.youtube.com/channel/UCGgJL7D1ZBYfgSQW8xXe9Zg
Bhimseni Karyalay,https://www.youtube.com/channel/UCkFTglePLXy19SIk__9EWGg
Biblioteca Pública Arús,https://www.youtube.com/channel/UCmHeL7aEk-w0pSeYPdtOSNg
Big Bad Voodoo Daddy,https://www.youtube.com/channel/UCodilImSWqt3abXYp-bNzcg
BigBoyzToyz,https://www.youtube.com/channel/UCx6IHN9Bav-VqGGIu75K_Xw
BigC Panupong,https://www.youtube.com/channel/UCDLV-FOsowrTLeXto6brZ5g
Bikes and Beards,https://www.youtube.com/channel/UCEbCRO739v3_RDmv6_aw1QQ
Bikes I Like,https://www.youtube.com/channel/UCZ45UoqqtwXQfMXAUGqlMxg
Billy Zig,https://www.youtube.com/channel/UCqZttDDbkrrx_KkvTjNExTw
biointeractive,https://www.youtube.com/channel/UCdofq4hHbT3ZDzgYUqsDd1A
birds moments,https://www.youtube.com/channel/UCFKkQRnfMP78ZXX6PbOm41A
Bjorn Steinbekk - A guy with a drone,https://www.youtube.com/channel/UCTZKDUyZooutDd3RUR69I1w
Black Note Club,https://www.youtube.com/channel/UCxBZkGSBUK8JotV9bB0e2sA
blackpalmcockatoos,https://www.youtube.com/channel/UCTnnGR_hZ3h3G9uPwSQJgDw
Blacktail Studio Uncut,https://www.youtube.com/channel/UCfpM3IBAXN-ifQp-uxb5giQ
BLKTOP PROJECT - Topic,https://www.youtube.com/channel/UCdId8Rl8xnUHdP-uAw1uifA
Blues on Broadbeach,https://www.youtube.com/channel/UCDi2qf2tqFKmKQDn_63LeDg
Blunt Shelter Records,https://www.youtube.com/channel/UCmax-xQhYpF11awwvK_aW9A
Bnut Rio,https://www.youtube.com/channel/UCnOprNS7ROKtPoagTNNCC0g
Bob Ross,https://www.youtube.com/channel/UCxcnsr1R5Ge_fbTu5ajt8DQ
BobCat ТV,https://www.youtube.com/channel/UCLgAoWdjk8RuMUggHSwd9_g
Bokoch,https://www.youtube.com/channel/UCKpMmsBHuXqA0vsR2ne_9gg
BollywoodNirvana,https://www.youtube.com/channel/UCobbJsnAhafgRk_QeLwfD9A
BolotDuario,https://www.youtube.com/channel/UCWlFdrX01S3LfnOa2A8MGog
bolsosmochilas fundasymas (NO LLEVES EQUIPAJE),https://www.youtube.com/channel/UCgFsMipKf2xe6VTdSc9_-2A
Bonobo,https://www.youtube.com/channel/UCgyl5xVlLLUZVpgfMGw-ETA
Bonsai de la Ribera,https://www.youtube.com/channel/UCmhTupnOInlhGP_5Byd2J2Q
Bonsai Empire,https://www.youtube.com/channel/UCph2EzXae_RcWX4tPdoOiWQ
Bonsai Facil,https://www.youtube.com/channel/UCT1_kyQGZ0yM3ygtP8moupQ
Bonsai Releaf,https://www.youtube.com/channel/UClukAPmJjV0NGa_NpYIH8TA
Boone Bake분베이크,https://www.youtube.com/channel/UCV89PIJRsTLAOMQUdFmo--g
BoostUpStation,https://www.youtube.com/channel/UCSEXnXEOJRT7Sxy5sC4UX1w
Boris De Luca,https://www.youtube.com/channel/UCGaRH9ab1n7XCCdOKOW-vgw
Bosch Electrodomésticos España,https://www.youtube.com/channel/UCepI3-XDPAyYUkQKVJ0CWww
Braille Skateboarding,https://www.youtube.com/channel/UC9PgszLOAWhQC6orYejcJlw
Brave Wilderness,https://www.youtube.com/channel/UC6E2mP01ZLH_kbAyeazCNdg
Break The Wall,https://www.youtube.com/channel/UCG-xEnKwULfoeGmFANdUk1w
Brett Novak,https://www.youtube.com/channel/UCSXWt3Q5KZPTo_3Xjh-gkVQ
Brico JAG,https://www.youtube.com/channel/UCl-J4WhVY8W2YdMgecaguRQ
Bricoaprendiz,https://www.youtube.com/channel/UCAEpiztddxaqS_ILUwxjUAg
Bricomania,https://www.youtube.com/channel/UCuz0AziVwPgwcuXXsVp14ng
Brien Foerster,https://www.youtube.com/channel/UCOavg1FtdeuyUTLz3wmuIKQ
British Automobile Racing Club,https://www.youtube.com/channel/UCZf3wEugCbSW3GX9HvjPmRQ
britishsuperbike,https://www.youtube.com/channel/UCt_yQ2pbZ4Rk5vU7yLmiNcw
Brothers Garage,https://www.youtube.com/channel/UCzhhFQOwrpKkAOzWNAnuQ4Q
BrothersJohnsonVEVO,https://www.youtube.com/channel/UCgjj_j5bBDHBBat6V-88ySA
Bruce Lee channel,https://www.youtube.com/channel/UCZT-5dCCJGVR9Pk6_kCVTiA
Bruno Bernal,https://www.youtube.com/channel/UCiPMon-QmwV1j5dYvd6iI6g
brusspup,https://www.youtube.com/channel/UCeQEKFH31vvD-InkTGSvCrA
Bump2Soul,https://www.youtube.com/channel/UCuOJKwI3EWPRXhBKGJjNKAA
Bushcraft improvisation,https://www.youtube.com/channel/UCI9zpG0EGiiMLmaHtQxeyYw
Butcher Brown,https://www.youtube.com/channel/UCH0R_9LEEUHwMhMe7sEVoyw
Buttery Films,https://www.youtube.com/channel/UC-mGhcKk7BtIA8fe-PfBzuQ
Byron Live Concerts Barcelona,https://www.youtube.com/channel/UCO0BaYRI3h30ZcFCVWc3Xaw
Böj Folk,https://www.youtube.com/channel/UCmO-sQljESZuH7dr1q1cNcQ
CAFEOVNIVALENCIA ESPAÑA,https://www.youtube.com/channel/UCEK3QRI0NXyChoKMjQVEXHQ
CAKE MINUESA,https://www.youtube.com/channel/UCaVXltryy77hSeHZOkHcerw
Camden Stewart,https://www.youtube.com/channel/UC-wTvNazsjkiOyqF2b_5VOg
Canal DISAEL,https://www.youtube.com/channel/UCSYEVh6f3ev911pXyILYguw
Canal Dulce,https://www.youtube.com/channel/UCBcv35OeHFUGVbVRsxou1tQ
Canal Iker Jiménez,https://www.youtube.com/channel/UCS5gWLAaKdiLQb0m_FGxCDg
Canal REDMÁSTV,https://www.youtube.com/channel/UCYs9bcL8XO8GLX_ZPzccVFw
Carles Torà,https://www.youtube.com/channel/UCdwPdZf0DHYkOD0gEKWnY5w
Carlos Vico,https://www.youtube.com/channel/UCqUnM8PTTzHFe29muI0Ti9A
carnaticworld,https://www.youtube.com/channel/UC94j0n0mlgzG7_M8GF-6E8A
Carpintero Del Desierto,https://www.youtube.com/channel/UC23OMNvG6_5hiPBasJuElpw
Casey Driessen,https://www.youtube.com/channel/UCpJh90Iej8jtVVMYur8770Q
CATALUNYA ÇELTA,https://www.youtube.com/channel/UCTNpZ3QiR7G6059TFbHObzQ
Catherine Ashcroft,https://www.youtube.com/channel/UCeQ0gr3y3F1bgUXhK6u3PEA
CatPusic Team,https://www.youtube.com/channel/UCyIqcxz-vR_o2GK4HWuZL8w
Catweazle,https://www.youtube.com/channel/UC1uglviI9o40gJT_TeIF69g
cde75sy,https://www.youtube.com/channel/UCkeSrPe-U91kZ2hlyk_pDtw
CdeCiencia,https://www.youtube.com/channel/UC52hytXteCKmuOzMViTK8_w
Celtic Note,https://www.youtube.com/channel/UCj9dq3cAIf9ppByiVJGAv2Q
Cement DIY Ideas,https://www.youtube.com/channel/UCVzKsltd_XK5GTTYPV4fR7g
Centre Artesà Tradicionarius,https://www.youtube.com/channel/UCU5s1FrpqIRuwNos905mGDA
Centre Cívic Urgell,https://www.youtube.com/channel/UCpZl78MKm8nDhIUAah18jIg
Cha Dabin,https://www.youtube.com/channel/UCv50vqaNYubTfuOvvH1cuAg
ChachiGuitar,https://www.youtube.com/channel/UCA-i40P-jwXWoTQMsxBqHBA
Chad Caruso,https://www.youtube.com/channel/UC4WzOyYo5WAAk2qd4B2Ghdw
Chad Preston Official Three,https://www.youtube.com/channel/UC7vcCwzjSHDDNV5U3xxv_Dw
Chainthecomposer,https://www.youtube.com/channel/UCTwBtyoJyyNWQA7UTTcEAKw
Channel TD,https://www.youtube.com/channel/UCarXuvUBU7FSrrdBPuBusIg
Charles Dowding,https://www.youtube.com/channel/UCB1J6siDdmhwah7q0O2WJBg
CharlesBerthoud,https://www.youtube.com/channel/UCAi_uNeDWRXj8C8yw358gWw
Charlie Chaplin,https://www.youtube.com/channel/UCe7sQfrqTHc-hWXdenf7VxQ
Charly Sinewan,https://www.youtube.com/channel/UCqZQXbQTF6VI_i5QWFaVxSQ
Chef Stefano Barbato,https://www.youtube.com/channel/UCcX5Tqd4ChFuqmTx0VVAFwg
Chef Stefano Barbato Español,https://www.youtube.com/channel/UCUeWL4kRKO8g3OQgN8A9beQ
chemtrails larioja,https://www.youtube.com/channel/UCoqfhxaldRygu5o6Y_55f0Q
Cherko Moto Marrakech,https://www.youtube.com/channel/UC9zBChL03vHrDOIlew6LnZw
chibudgielvr,https://www.youtube.com/channel/UConeclLfpge7C3mAlbW_eLQ
Chicho Lorenzo School,https://www.youtube.com/channel/UCGPxohN0plAQM0PD5faJkvQ
Chick Corea,https://www.youtube.com/channel/UCqUDuYNcBaYkBgWikXvdZCw
Chill Pe Vinil,https://www.youtube.com/channel/UCzhGFixUeWVrRshE2GD3SfQ
CHINito LEGACY,https://www.youtube.com/channel/UCNyC7gsJQvTHycDjCe33zCg
Chip Smith,https://www.youtube.com/channel/UClIZQN9w1LRgtl_f-PkvwoQ
ChooChoo's Story,https://www.youtube.com/channel/UCs2Xfykq6ONapqI6TFKNyOg
Chris Leong - CLM Tit Tar 梁润江跌打师父,https://www.youtube.com/channel/UCho37qLn1pa7G5dKz6mfN3A
chrisdaniellis,https://www.youtube.com/channel/UCm-vnFfVXiLahAs-SBw6byg
ChrisFix,https://www.youtube.com/channel/UCes1EvRjcKU4sY_UEavndBw
Christian McBride,https://www.youtube.com/channel/UCqeRhjBka1VC6CfWIVCRW5A
Christiana Means,https://www.youtube.com/channel/UC3vmm89Bcn-91-JSRsLW31Q
CHUCK,https://www.youtube.com/channel/UCLn5Tqh3sIXmh_bb5NoBXcw
CIA PAKIPAYA,https://www.youtube.com/channel/UCWV7wmx6FIdTFurDHNfaOhg
Cie. Kilombo,https://www.youtube.com/channel/UCqmZAnQR0Tvp9-OP_kqiPDw
CienciaDeSofa,https://www.youtube.com/channel/UCMbQbVilo-nezMvwf1BZfAA
CienciaySaludNatural,https://www.youtube.com/channel/UCkh31vsAn8h78woE2axwCUA
Cine viejuno,https://www.youtube.com/channel/UCdlxKGwr9plOJzK6VMCE8Xg
Cirque du Soleil,https://www.youtube.com/channel/UCPiWIjwDZQo3UobMqvi4ggg
Cirque Phénix,https://www.youtube.com/channel/UCfJGhTXptHn2dj9M79Ua2NQ
CiViC,https://www.youtube.com/channel/UCvV3iTIfRB8JtqAIiMvpojw
Clash Of Minds,https://www.youtube.com/channel/UC1oOoBASMrTyUBSltYcx0jA
Clasijazz,https://www.youtube.com/channel/UCxniEuC-EvoxkGwUzy17KuQ
Classic Mood Experience,https://www.youtube.com/channel/UCJO95ZYiNhl20IdnDyHvbWw
Classic2909,https://www.youtube.com/channel/UCV7Emrwi_1VXQochY7qlUyQ
Classical Music/ /Reference Recording,https://www.youtube.com/channel/UCbMISEiX4KfykNV9bn26x0w
Cleetus McFarland,https://www.youtube.com/channel/UCh8f8vssLddD2PbnU3Ag_Bw
Clinica QO,https://www.youtube.com/channel/UCmKYG_no6JxwLCGzlNC3R0w
Cloud beatbox,https://www.youtube.com/channel/UCtW7Hjql_y1tJn3LbhN_ogw
Club Jazz Sant Cugat,https://www.youtube.com/channel/UCbMt_Yl2wJJZxnLg4rmLQtA
Clásicos Del Kung-Fu,https://www.youtube.com/channel/UCCKy3AtqzEDkjT3wBwXHgdw
Clément Chèvre-Baleige,https://www.youtube.com/channel/UCfP6C9bT_llY13EhAfR-ekA
Clínica Dr. Vega,https://www.youtube.com/channel/UC0fcnCzeRithSR-JeRAs7bA
Cocina en familia,https://www.youtube.com/channel/UCa0WGCPV8JtKb2lDgRn03nw
Cocina Halal,https://www.youtube.com/channel/UCzoA8gzYub0fJqz4BAs9RiQ
Cocina Japonesa con Yuta,https://www.youtube.com/channel/UCHiuyvb46s4WdVgPgGTN_fw
Cocinando con Cookpad,https://www.youtube.com/channel/UCTKHRuyJx6oCIvsfmfvmy9Q
Cocinando Corea,https://www.youtube.com/channel/UCOWZSMjcJo6SjPcWvcu4qaA
Cocinemosjuntos.com,https://www.youtube.com/channel/UCIRNADSE7zTt6_MshDlnZSA
COCOLOSTUDIO,https://www.youtube.com/channel/UC23Yno6Z4knOnvi9Gg7G-lw
colinfurze,https://www.youtube.com/channel/UCp68_FLety0O-n9QU6phsgw
Comida marroquí con karima,https://www.youtube.com/channel/UCiWjw1ab9Bs2zW3CkHKmyQA
Comidas de mamita by BM,https://www.youtube.com/channel/UCl7iVDJsDYj5SQZNh81nmKw
Como Lo Arreglo,https://www.youtube.com/channel/UCLxeCeM9OB8gXc8SRw3P6uQ
Compagnia Baccalà,https://www.youtube.com/channel/UC6HRtnffImupuJYtgml8kJA
Conatus Incerta,https://www.youtube.com/channel/UCiziM9E661ArQ17PF9f43dA
Conciencia 5G Canarias,https://www.youtube.com/channel/UClrmd-gxwrJcfDV61DgRtqA
Conocimiento Ancestral,https://www.youtube.com/channel/UC-nZSmVyqbbRHwK6VBXxN2A
Conservatori Municipal de Música de Barcelona,https://www.youtube.com/channel/UCqxlXuUjgn6QkIQRdQQuJKw
Contacto con la Ciencia,https://www.youtube.com/channel/UCctC78QXVQ0zumyDEZl4WJQ
Copenhagen ZOO,https://www.youtube.com/channel/UCSXkZSW4yHU00tdzlYGWApg
Cory Wong,https://www.youtube.com/channel/UCQqC08JWnJGJIgw43XJ0GXw
Cosas del Jardin,https://www.youtube.com/channel/UCTXy0hGmwjnoCPYn7zJ4RyQ
Cosmos HD,https://www.youtube.com/channel/UCqffGhR5RyG2uy2SptDhU7g
CosmoSoulOficial,https://www.youtube.com/channel/UCgadj23Sa6X6HB7zG3DQs6Q
Craft Computing,https://www.youtube.com/channel/UCp3yVOm6A55nx65STpm3tXQ
CrashFest,https://www.youtube.com/channel/UCzQ3Gt01s8gOP0aNRw8t6tQ
Creality Jesus Saves,https://www.youtube.com/channel/UCQabGc72xxRNSiLkvSYQzrg
Creative Channel,https://www.youtube.com/channel/UCFwdmgEXDNlEX8AzDYWXQEg
Creventic Motorsports TV,https://www.youtube.com/channel/UCopWjPe1QbOFNf1dMs97E-w
Crop Circles From The Air,https://www.youtube.com/channel/UCnipyNLDJAhZfVodknsjhSg
CRÓNICAS DE LO INSÓLITO,https://www.youtube.com/channel/UC1e95GL3rJo_BKS_iU7cJLg
Cuddle Buddies,https://www.youtube.com/channel/UCzDHTVhThC_VIT7kTchIQAg
Cult Cinema Classics,https://www.youtube.com/channel/UCycDFnpMeWzaITQSD1dWsOA
CurioStation,https://www.youtube.com/channel/UChPS-p9UX1s9WWZE7I8QzPQ
Cx Sound,https://www.youtube.com/channel/UCgiFLGoKetJTMge4dbXY7Jw
CycleDrag,https://www.youtube.com/channel/UCNigxdsLkPqwj-QoYPi6MNg
d e c a ▶ t v,https://www.youtube.com/channel/UChYrv1nA4-j0Pv1RBJFOQrg
D. Marble (D. Marble),https://www.youtube.com/channel/UCOP7kv7dFIQzGxqDRuWtUCw
D. Marble Live!,https://www.youtube.com/channel/UC_Rkc0yrXRL2kL541-qQX2g
DadRider Motovlog,https://www.youtube.com/channel/UCBYTVjT0pysWrzUn_cIDnBg
Dafeiju,https://www.youtube.com/channel/UCdFV3_aFRs6SjDK2pq7o1bA
Dalem Gumino,https://www.youtube.com/channel/UCTVaalXSOt419ccBCKbLrBA
Dan Posen,https://www.youtube.com/channel/UC0vUzMcju3UhoN0Vs8hnIJg
Dani Connor Wild,https://www.youtube.com/channel/UCx9JiwPgJHy4cMThY4nmQmA
Dani Díaz,https://www.youtube.com/channel/UC0CV1qElTaD4bl-jm5xBKRQ
Daniel de Bruin,https://www.youtube.com/channel/UCeM6ecqBkybhzQuDPs1y-2w
Daniel Rodriguez,https://www.youtube.com/channel/UCU876E5XzldL34k0ZtY3o9g
Daniele Tartaglia,https://www.youtube.com/channel/UCwMjr5HocO6S363x_-jzsmA
danilopezs,https://www.youtube.com/channel/UCY3EUQw81UipZabSpCNzzuw
Dario Ronchi,https://www.youtube.com/channel/UCl5kiXVMp0gXKA0HgmcZP0g
Darp Gas,https://www.youtube.com/channel/UCoztNJvDVc5wNJ9PFu0UCUA
DataPro Data Recovery Lab,https://www.youtube.com/channel/UCBNfXIVuHJo1IAdrj2SQQrw
David Benavente,https://www.youtube.com/channel/UC63mrzGhtfO5K5AiGA5WANA
David Corbera - Enric Corbera Institute,https://www.youtube.com/channel/UCIMRbNYBn5eae3_FH8-eKFw
David Gilmour,https://www.youtube.com/channel/UCP_k5WdrOOuWaThTU6MDonw
David Ice,https://www.youtube.com/channel/UCpN1PW-KwiCODwMFtY5tuZg
David Kuckhermann,https://www.youtube.com/channel/UCNqC6qANm_Q_qUvffnujpWQ
Davie504,https://www.youtube.com/channel/UCgFvT6pUq9HLOvKBYERzXSQ
Davie504 - Topic,https://www.youtube.com/channel/UClnk8qNq2Jfn-DUjocYKxCw
De Tranquis,https://www.youtube.com/channel/UCvBTvE6aC4ObV4S2xzrVx9g
DeandoesStuff81,https://www.youtube.com/channel/UC9cdwR_sv7NkAH0IQL1Pj0Q
Decathlon España,https://www.youtube.com/channel/UCmDSdJGFZLGd55dlXJylAxQ
Decimal Z - Backup Account,https://www.youtube.com/channel/UCi5UB9p1SQ_zJAEXGK_Wjxw
DeeCast,https://www.youtube.com/channel/UCexs6_jWRu39a-AqVAd8qSw
Deee-Lite,https://www.youtube.com/channel/UCfWpcfOju6BioTnP9dVWkJQ
Deividcat,https://www.youtube.com/channel/UCzKOfRtncpY0d99kAsfz9gA
Dejan Krsmanovic,https://www.youtube.com/channel/UCm_dwri74JTCW-ll326_9eA
Deleted Programming,https://www.youtube.com/channel/UCim-S28pdxwr3c7eE73KzQA
Derivando,https://www.youtube.com/channel/UCH-Z8ya93m7_RD02WsCSZYA
Dern Brothers,https://www.youtube.com/channel/UCSoHFTtzySZicjAyw0Mr2_g
Derribando mentiras.,https://www.youtube.com/channel/UCnHAgYJDTUU4tOEDlEZVkOg
Desmontando a Babylon,https://www.youtube.com/channel/UC74gxryDqEXLrq1ISKBn6CQ
Despejando Enigmas,https://www.youtube.com/channel/UChOGxLFJKNKm91za6r3pjAA
Destapa desagues,https://www.youtube.com/channel/UCMjqUUBpSGfE7sSvxKFKRYw
DESTERRADO,https://www.youtube.com/channel/UC4xkGctn61jrtsD-JfniFMw
Desvendando Noticias,https://www.youtube.com/channel/UCCb2Hx7ZWB-oXtkC_S9Qsjg
Detección Metálica,https://www.youtube.com/channel/UCdKPGAiw0WjT3IeZCkZlz1A
Detrás de la Razón con Roberto de la Madrid Oficial,https://www.youtube.com/channel/UCj9B-Wqw0Xm6mZqtd9z7Haw
DevelopAKR,https://www.youtube.com/channel/UCUuXc8j7Wk6xNeYtnRYvvwg
devotionalzone,https://www.youtube.com/channel/UCuL3MIalSPimzoqPvuQKB1w
Dexter Gordon - Topic,https://www.youtube.com/channel/UCnH1LrQs42YLOQnpdoUYvdA
Diego Mario Dangelo Hablemos Caballo,https://www.youtube.com/channel/UCEBQS8y6mlZv4sFlEAbgZsQ
Digar Productions,https://www.youtube.com/channel/UCJ1mWSE-Dqg9AtC3dZENqMw
Dindigul Food Court,https://www.youtube.com/channel/UC-P5wGpW529FNfnQxJvCXEg
dingpongcrate 딩퐁크레이트,https://www.youtube.com/channel/UCabdZbw6ASDZOmXJZeX1DFw
diorama111,https://www.youtube.com/channel/UCuDFt8_IAzaOeafMnpXudZQ
DIRECTO C5TV,https://www.youtube.com/channel/UCsq1QWIVRzTSsK18vx7-YLQ
DIRECTO NATURA,https://www.youtube.com/channel/UCKqAJfYEVCPLbdgOm8QqSQg
DirectorFeng,https://www.youtube.com/channel/UCbzzMQ1mNKjAaDwbELsVYcQ
DirtFish,https://www.youtube.com/channel/UCKwIWByGLhE8tuUIjddZt5Q
Dirty Kitten Family,https://www.youtube.com/channel/UCPtFz3FFiDqPTogcgVAnxiQ
Discover Agriculture,https://www.youtube.com/channel/UCRnt3WDhjHT30Xs5h9w3gqg
Discovering Skills,https://www.youtube.com/channel/UCa3rjIHi-3LjmfiEdw4GQgQ
DITRH,https://www.youtube.com/channel/UCz6s_ScG0PZThdwhKsUFSRw
Divine Sahajayoga,https://www.youtube.com/channel/UC2YBA9mMeYxs1jbm3LO5nww
Divulgacion Total,https://www.youtube.com/channel/UCmOZySf570msTSLYCuMQ1LA
Divulgadores del Misterio,https://www.youtube.com/channel/UCOMld3LgRLHg0IAACn3CYoQ
DIY Creators,https://www.youtube.com/channel/UChKlSK39lLg8eZHIX0iVzLA
DIY Perks,https://www.youtube.com/channel/UCUQo7nzH1sXVpzL92VesANw
DIYeasycrafts,https://www.youtube.com/channel/UCgXJ-z1YU2M7RcWcFp-hXhA
djdisorder408crew,https://www.youtube.com/channel/UC76i-U_RIJW4C3SeJN8z4SA
Doc Scanlon's Bands,https://www.youtube.com/channel/UC4Or9b7lijcd5aeJu83OPsw
DocoBase,https://www.youtube.com/channel/UCX1v-zaMxcg4OAaLs7GAT8g
Doctor Alexseev ES,https://www.youtube.com/channel/UCeR75LNcLX_XqOvlvYgFFNw
DOCTOR BAZZ,https://www.youtube.com/channel/UCFCuZaQ3rOtzdcW5_oII4lQ
Dolph C. Volker,https://www.youtube.com/channel/UC25bqOksVyD-SfdAToam-Bg
Dolphin Data Lab,https://www.youtube.com/channel/UCjsl5Cit8T3JzEEYFtDs-DA
Dominic Flynn,https://www.youtube.com/channel/UC0QylGKU90BKVgq6ujQL0_g
Don Dworkin,https://www.youtube.com/channel/UCR6TFcPGZZRL0Jw17Fd51RQ
DON SHIRLEY - Topic,https://www.youtube.com/channel/UCCz1MWjy6Q47OHg6mLiQKFA
Donde el Silencio Respira,https://www.youtube.com/channel/UCVhsMS7Yvz08nyWaOOif3qQ
DONDEVAMOS JM,https://www.youtube.com/channel/UCzkzpJOi3XsN_PxA_RDsrLg
Doodle On A Motorcycle,https://www.youtube.com/channel/UCRFJclFblUdyXGdKLuWsfGQ
Doubt or Believe Julian Show,https://www.youtube.com/channel/UCN0iPYWU-QG1zzzaf4tPu3g
Doğada Doğaçla,https://www.youtube.com/channel/UCl6TVWzNwKPQUAMPZ0Qiukg
Dr John Díaz,https://www.youtube.com/channel/UCnLF0VZ6y4bftHZl3lmreFA
Dr. Federico Baena Q,https://www.youtube.com/channel/UC2vTgblwTSRMtH-aoY7dvtQ
Dragon 999 🐉,https://www.youtube.com/channel/UCHEmSxcrB_kauuNt1XsAEag
Drew Davies,https://www.youtube.com/channel/UCs4Q6HpOzXTov4nIKAcifHA
Drop Collective,https://www.youtube.com/channel/UC8Ja_RpzviOcKHYXfHLMV4Q
DrPossumlady,https://www.youtube.com/channel/UCITB5guRD9mPBgeKSUSYDRg
DrPOV,https://www.youtube.com/channel/UC3SMmgBayyPwvr1fFuAtj4g
Drum Channel,https://www.youtube.com/channel/UC-vQ0o1-FxwJAJGOgGu0bBQ
Drumeo,https://www.youtube.com/channel/UCBiJBaDaM3K6vPVggLhTyWA
Drumlly,https://www.youtube.com/channel/UCO1BbCuLIJafbLDAzhbD_1g
Drummer Ami,https://www.youtube.com/channel/UCQEBBPb7icUQo6iCEpdrkzg
DRUMMERWORLD by Bernhard Castiglioni,https://www.youtube.com/channel/UCVfpLvhgjyhGWtV6viQijDQ
DTM,https://www.youtube.com/channel/UCwKq447rYMVI5dAQWMmFnfg
DUSA,https://www.youtube.com/channel/UCWDBhNCiakcyQhCFjjhVwLg
DUSON TV,https://www.youtube.com/channel/UCccL81p-6FfFOu6QJo0_9cw
DUST,https://www.youtube.com/channel/UC7sDT8jZ76VLV1u__krUutA
Early teachings of H.H. Shri Mataji Nirmala Devi,https://www.youtube.com/channel/UCoIkrZTUATm3QBHd94neWow
EBSDocumentary (EBS 다큐),https://www.youtube.com/channel/UCFCtZJTuJhE18k8IXwmXTYQ
ECAN International School of Acupuncture,https://www.youtube.com/channel/UCppP270KhEyBdAoAD5sB3rA
Echoboom Sports,https://www.youtube.com/channel/UCFw1qLNT4tw321EyssMXC8w
ecocolmena,https://www.youtube.com/channel/UCOUQEQ4NR1iHPww8fM04kRw
ECTVPLAYMOTIVACIÓN,https://www.youtube.com/channel/UCdQ1IHTsNBfm0v7SGX4AQug
Editorial Sirio,https://www.youtube.com/channel/UC06hapPRdbPD2XXnbxNwwag
Eduardo Mármol,https://www.youtube.com/channel/UCOuoNs5LLUJEhnxz68Xlhfw
Egiptomania,https://www.youtube.com/channel/UCLfkVhmC00WEnfi2cldSKsg
Eidur Motovlogs (Eidur7),https://www.youtube.com/channel/UCvYyScd6puFxMdU5lhisCJQ
El Arconte,https://www.youtube.com/channel/UCcpMWTNmApR6R93I5m4IYIA
El Camino Ancestral,https://www.youtube.com/channel/UCVRqi9QYzx7vv3YbJ-LSXgA
El camionero geek,https://www.youtube.com/channel/UCRfq3lviF8ENzMW9dbUmR-w
El canal de Korah,https://www.youtube.com/channel/UCQWPc-n_8Ld3v94MeQHPxrA
El Canal del Coronel,https://www.youtube.com/channel/UCHLQ0IVP__944AsRjFmRo1A
EL DIOS DARP,https://www.youtube.com/channel/UCiNc7SybMri6n5p1GKK4C0g
EL EXPRESO DE MEDIA NOCHE  RESURRECCIÓN,https://www.youtube.com/channel/UCG5gDPR_XwE_1Md_ID_C7OA
El garaje de Josele,https://www.youtube.com/channel/UC4zhpFUaEX--x2-r8vPIy4w
El Garito del Jazz,https://www.youtube.com/channel/UC1K4AhffR5z_zS7XUeRUEMg
El Gran PREICANO,https://www.youtube.com/channel/UCyxoIfqo5OvBPst7yXyWKwg
El Grano de Mostaza,https://www.youtube.com/channel/UCodmNM7iqzrQzPOPjQi3nMQ
El MIRA,https://www.youtube.com/channel/UChdzltlbgLBpV3KbvzX89Qw
EL MUNDO DE LAS HORMIGAS,https://www.youtube.com/channel/UCJnoRo2qexJSqG4_p7mh83Q
El Mundo de Slivki,https://www.youtube.com/channel/UCdlc4DeyZh-kqqacjNteDXA
El Nuevo Amanecer,https://www.youtube.com/channel/UCxwWUF4NiXO6KZlQD0zcu2g
El Payocabra,https://www.youtube.com/channel/UCACZlfeBw-CvB5w8wPZFd0w
El Resolutivo,https://www.youtube.com/channel/UCyiN3p7jid5JrRcREtEPjpg
El Rincón de Cabra,https://www.youtube.com/channel/UCwMGwPe6qW99O4iifloo02A
Elchicotriste doppelgänger,https://www.youtube.com/channel/UC1vhjbjlIHioY00SpVWqxxQ
ElectroBOOM,https://www.youtube.com/channel/UCJ0-OtVpF0wOKEqT2Z1HEtA
electrojungla,https://www.youtube.com/channel/UCqHR5GfD_x_1MzenWw6vdcA
Electromecánica Mi Pasión,https://www.youtube.com/channel/UCaWY39n8Ywh0Aict-bSSNhg
ElectronFun.com,https://www.youtube.com/channel/UCtbbztqRa9sDOxpiSCGQuhQ
Electronics Repair School,https://www.youtube.com/channel/UCooKQlg-HZ0PFAPc4Ymg3RA
elephantnews,https://www.youtube.com/channel/UCiZC4ppUa90nhv4b4-WiZ5A
Elevator Music,https://www.youtube.com/channel/UCSN7R7sDkoXfrx8gRdITr0Q
Elijah Nang TV,https://www.youtube.com/channel/UCi_tatzpnSSRxTX_iog18BQ
Elisenda Julià,https://www.youtube.com/channel/UCy5XQCefFjIMEyWpZ2CczMg
Eliseo López Benito,https://www.youtube.com/channel/UCUYEnoZ2O5MUeJ2EHLGcCTQ
ElSurProfundo,https://www.youtube.com/channel/UCLMW1yaFf9e5AVow1doCZsA
ELTRICICLE,https://www.youtube.com/channel/UCXBNSJUVyiLBNxctBpJkakw
Embarra2 Aventura Offroad,https://www.youtube.com/channel/UCzs-WpYagm1VLrdDz8NH0vA
Embutidos De Cardeña,https://www.youtube.com/channel/UC73rVmWKwVyc0w6-R7s-XfA
Emil Urh (Homo Abraxas),https://www.youtube.com/channel/UCp8VySCny-uWO0Irr8IM5PA
Emilio Carrillo: La Academia de la Consciencia.,https://www.youtube.com/channel/UCDVzPVl_nx51r4yLAZQzLPg
Emma Massingale,https://www.youtube.com/channel/UCfvXczqMThU6rzFCzZQzUmQ
Emmet Cohen,https://www.youtube.com/channel/UCuKBb--0F0qT_deSpMLsFRA
EmpoweredByKnowledge,https://www.youtube.com/channel/UC_yUYuKo8oqWW3O2LdUoHYQ
Endless,https://www.youtube.com/channel/UCiTTN6AN544lhWs8OVFfwbA
Energy Motos,https://www.youtube.com/channel/UCxl8nJk5713yJZNRM7czXvQ
English Heritage,https://www.youtube.com/channel/UCHwNa3lAjzbxRR2pbbZUE2A
EnigmAnónimo,https://www.youtube.com/channel/UCCerxd2OJwfXNmeSYfvYZ-Q
Enigmas al Descubierto,https://www.youtube.com/channel/UCkEoc7oPISu2Sl_QH-ePvCg
Enigmas de Gaia,https://www.youtube.com/channel/UCBpZ5QPTWq_M8gVWMxT_RgA
Enigmas en la Historia ▬Ovnis Actuales,https://www.youtube.com/channel/UCnOiRr7Hkh9SxxPd_KjrkHA
Enric Corbera,https://www.youtube.com/channel/UCg7pFgGDO1zMyn1fJoejoEA
Enrique Costa Vercher,https://www.youtube.com/channel/UCrjOhN6rQEmKDeOwQ-K6qeg
Enrique de Vicente,https://www.youtube.com/channel/UCp2qa8w1tX_LkYBK8RrAnPg
ErConre,https://www.youtube.com/channel/UCsGo9I3BWUGW8-dUi1RXeyQ
Erena Terakubo,https://www.youtube.com/channel/UCDlNfxAOousIwgW94koBqmQ
ERES EL ELEGIDO,https://www.youtube.com/channel/UCOss7JNO5qXHsfMOMtDeqvg
Eric Blows Glass,https://www.youtube.com/channel/UC3dr1OM5SuoLint_-Q32POA
Eric Dubay,https://www.youtube.com/channel/UC0_CSKUIVVFlfocgezQEBDg
Eric FORZA,https://www.youtube.com/channel/UC8OVcjhnVtBWOgaJV04I7Qg
Eric Haugen Guitar,https://www.youtube.com/channel/UCoxdIEOrloeN00-3KWR4ZnQ
Ernesto de Torrero Oficial,https://www.youtube.com/channel/UCoi-vcMPGxbZ1OVJRKWFYlg
eSavants,https://www.youtube.com/channel/UCcUr_9FT9kFwSY_iP3Yh8Ig
ESC Baig,https://www.youtube.com/channel/UCDJCKyzq-WRw5x6n6VtYZ6w
Escola de música L'ANTÀRTIDA,https://www.youtube.com/channel/UCYg1I9derLdDWjm0I2zMFUQ
EscuaDron Video,https://www.youtube.com/channel/UCf3FixiLpjJWMnjWty1NAGg
Escuela de Salud Integrativa,https://www.youtube.com/channel/UCXHxhxIyYLQheVPE6SMF2Cg
Escuela del Ser,https://www.youtube.com/channel/UCm8MIn8hq08lEf-Bi8DQKvA
Escuela Náutica Navarra,https://www.youtube.com/channel/UCf0mNHxmNGzcoDrpjDGJ7RA
Esperanza Spalding,https://www.youtube.com/channel/UC_ghFm78RhT2eg6rPIVHRVg
Estado de Alarma Oficial,https://www.youtube.com/channel/UCM9R6-iDy0O8I1Uv5_FCtyg
Estado de Alarma Uncensored,https://www.youtube.com/channel/UCVhhaxHCF9WoRz-Y0EC060Q
Estudia el teórico,https://www.youtube.com/channel/UC-CzcI6PYqdjD-rOhbstIqg
Etxezarreta,https://www.youtube.com/channel/UCaJhndFJGivu61IoUbCt1jw
Eugenio Monesma - Documentales,https://www.youtube.com/channel/UCFqLPdQm-k5uCI9gFaxraeA
Eugenio Prestisimone,https://www.youtube.com/channel/UC3KdAVVUnUu-7C1sV5KBN4g
Eunoia Kolektiva,https://www.youtube.com/channel/UCZnUQMA-YTU7i4ahaR1n_EA
EuroCup-3,https://www.youtube.com/channel/UCjnv2xZH8SHDvLG-CnTxv_w
EuroFormula Open,https://www.youtube.com/channel/UCpdhdlId-0vH47-xno0at5g
Everyday Astronaut,https://www.youtube.com/channel/UC6uKrU_WqJ1R2HMTY3LIx5Q
Everyday Food,https://www.youtube.com/channel/UCl0kP-Cfe-GGic7Ilnk-u_Q
Everyday Meditations with Sahaja Yoga,https://www.youtube.com/channel/UCBThrAfdav3-QXzuNPD6qfg
EVNautilus,https://www.youtube.com/channel/UC1KOOWHthbQVXH2kZue3_xA
Excerpts of H.H. Shri Mataji Nirmala Devi,https://www.youtube.com/channel/UCtQS6Gi1M_PE9gIi8mHxikw
ExplainingComputers,https://www.youtube.com/channel/UCbiGcwDWZjz05njNPrJU7jA
Explore Media,https://www.youtube.com/channel/UCAcP2tMqCEFvbXsPmhmJC5g
Exploring the Plane,https://www.youtube.com/channel/UCaUJsrd3xgdxOlfpQruzRyQ
Exponiendo la verdad,https://www.youtube.com/channel/UCvQcgQDoEP8gN1q5fTl-USA
Eye Channel by Eye Surgeon Dr Audrey Tai,https://www.youtube.com/channel/UCB9WdhymvqS4Px-kbZDBC_Q
FAAE,https://www.youtube.com/channel/UCd0wCW9cOB9V_UTKOtc2yhw
Fabio Wibmer,https://www.youtube.com/channel/UCHOtaAJCOBDUWIcL4372D9A
Facil con Huanlu,https://www.youtube.com/channel/UCRQJXvD6BzqAt1xQPcwxP_Q
FACIL LH,https://www.youtube.com/channel/UCiVL9W_Gau-Pa_6V--Zc2Ag
Facundo Rossini,https://www.youtube.com/channel/UCifmpB2ND3LAMYkVrj6wODA
Faemino y Cansado Club de Fans,https://www.youtube.com/channel/UCFeYSKdo6ajQ4rl8DYfeMdg
FailArmy,https://www.youtube.com/channel/UCPDis9pjXuqyI7RYLJ-TTSA
Fallow,https://www.youtube.com/channel/UCJ901NqoRaXMnIm7aOjLyuA
FamilyTime,https://www.youtube.com/channel/UCi_iKv5NXxFbplYn6KXiXRw
Farah Fersi,https://www.youtube.com/channel/UCwArIhDqDRyMq9GE4CCKaew
Fe 101 Channel,https://www.youtube.com/channel/UCacOTIUDgmURK0sVcKzaZBA
FECORE Inc,https://www.youtube.com/channel/UCXEC9u5IgoHOXDgCWbguTRg
Feeding Street Cats,https://www.youtube.com/channel/UC4Eqt3jI2inoD4TIcvuctYQ
Felis Gallery by Robert Sijka,https://www.youtube.com/channel/UC5CWEPWvAAI6Ac710lO5_XQ
Fernando Malkun,https://www.youtube.com/channel/UCnk4UyJGgc8SaXKK1grm0jA
Fernando Presencia Crespo,https://www.youtube.com/channel/UCF4-rz0UHHwFjQDUzxSxwcw
Ferrari,https://www.youtube.com/channel/UCd8iY-kEHtaB8qt8MH--zGw
Festival Jazz & Beer,https://www.youtube.com/channel/UCKu4iZ2hmhTlm6CF-Y0b6Tw
Festival of Tabla,https://www.youtube.com/channel/UC88ju7_whMlQjE2km0xrjWQ
Festival Per Amor a L'Hart,https://www.youtube.com/channel/UCqdK6GvgWFY4iP8nbTNCazA
Festival Rubrifolkum,https://www.youtube.com/channel/UCMGu1bqFUdRYHuzgSAjFbIA
Festivalet de Circ Manresa,https://www.youtube.com/channel/UCVoPmybcN0juJPjW4Mdp-Ug
FFD Restorations,https://www.youtube.com/channel/UCgYZRpMFaXycXzKmzKjmNiQ
FIA Formula Regional European Championship,https://www.youtube.com/channel/UCrCEln9HtJvw5TDIDli1Rwg
fills monkey,https://www.youtube.com/channel/UCuHw2rRanMS5ruFzlIS0lyA
FIM EWC,https://www.youtube.com/channel/UC-9Xt9VR4Y7mPl6lGp-gojA
Finch VN,https://www.youtube.com/channel/UCEG5JmH_I7qVFXLaB69JH6g
Fiona O'Brien,https://www.youtube.com/channel/UCde-j3TGJF7mdcigoXUAhEg
First Try,https://www.youtube.com/channel/UCkQEYwVkQwA19O2D0n_clFg
FISE,https://www.youtube.com/channel/UCHA6t1mvFDC86htu8t83q1w
fishing rod,https://www.youtube.com/channel/UC3D2Z4P1DMkRTFfhwIf_Ddw
Fixer Motos,https://www.youtube.com/channel/UCVKLRaKItPV8CKTmqNemZrg
Fixing Things,https://www.youtube.com/channel/UCYCcpOYuYZzihU0XJXnk1yw
fixitsamo,https://www.youtube.com/channel/UCJUkWY6KdxHWEeQhwrBlX_Q
Flat Earth,https://www.youtube.com/channel/UCNccEvT2k5-sC_Yf3X-w7kw
FLAT EARTH 101 CHANNEL,https://www.youtube.com/channel/UC7R_Ht11uHcVbE4cNboYm_g
Flat Earth British Sub,https://www.youtube.com/channel/UCN6EzIAFZWAoPUcm791VUwA
"Flat Earth Sun, Moon & Zodiac Clock app",https://www.youtube.com/channel/UClWTBNGnjXEZOtEwEp9BGTg
"Flat Earth, Banjo, USA, Japan and Brazil",https://www.youtube.com/channel/UCxGin_qxbd6kFFSfYkZKu2g
FLAT OUT TRUTH 2,https://www.youtube.com/channel/UCbmMpeaU_AYAsprlRkWb9Pw
Flat Water FE,https://www.youtube.com/channel/UC4ug8mhESP_XBNntUStpNXg
Flatbush Cats,https://www.youtube.com/channel/UCTl8bLnzuZzID1kIhpbS5vQ
FlatEarth101,https://www.youtube.com/channel/UChgNVTYr72t51eoLXO_UzWQ
Flo Plus,https://www.youtube.com/channel/UCtTQGVVVXWLkpm_Z0_dk-pQ
Flock Finger Lakes,https://www.youtube.com/channel/UCvjQspKi-QSAbH2xFPMXRtA
Flow Break,https://www.youtube.com/channel/UCKnjIoh16Jgtsv4xRi6lnFQ
Fogy Garage,https://www.youtube.com/channel/UCOg6gGoHrihv0mB95ZURC9A
Ford Racing,https://www.youtube.com/channel/UC87j_-SIjbzUqlY8tuKlZyQ
Foreigner,https://www.youtube.com/channel/UCr79-QZv1_VGlxVWLc28xrQ
Foros de la Virgen María,https://www.youtube.com/channel/UCaR_MUwCT40UhrPS2VbINuw
FortNine,https://www.youtube.com/channel/UCNSMdQtn1SuFzCZjfK2C7dQ
FortNine en Español,https://www.youtube.com/channel/UC-QSR-kjo5d28JIzp89Xf8g
Fran Sisco,https://www.youtube.com/channel/UCcOCI59Xbe3XUdyEAX5XJ4A
Frans,https://www.youtube.com/channel/UCMhFfX9OXeoXDlY5wNwRc_g
Fredrik Carlquist Music,https://www.youtube.com/channel/UCpA126GxNBRxmnP2EA2uUtg
Free High-Quality Documentaries,https://www.youtube.com/channel/UC_g32e3JeECjEuRbk-loywg
Free Meditation London,https://www.youtube.com/channel/UC8-lkeXqOp5NYL1Gn0WiGrg
Free Meditation Worldwide,https://www.youtube.com/channel/UCKWEolJjpZEEtuI-1EiIaRg
Freeflight808JD,https://www.youtube.com/channel/UCRrMYKdKqEWiy_L-rn8RUbQ
FreeMeditation,https://www.youtube.com/channel/UCWNtk2DygOe3uIYex16XNCQ
french jackalope,https://www.youtube.com/channel/UC6QiPMoOMwzXskdzN9c4v_g
Friend Of Cats,https://www.youtube.com/channel/UCoO-cBCh3UHe87_BXDQr1BA
FrikiMagazine,https://www.youtube.com/channel/UCKeQFp3dTF07lLB-w49EwJA
FUEL TV,https://www.youtube.com/channel/UCEQafBcFZq5id7E63yR47nw
FUMIO SAITO,https://www.youtube.com/channel/UCoCFiAWPpGClr6CEimTNtZQ
Funk Soul Brothers,https://www.youtube.com/channel/UCBg9UBgf4pPnmO8ZWz0MwUQ
FunkCity.net,https://www.youtube.com/channel/UCa4U-m1eA2DdLr7QymYP8EA
Funniest Animals,https://www.youtube.com/channel/UCXbzirbkybMpRJ8TgidMeuQ
Funny Cats Footage,https://www.youtube.com/channel/UC9LdaAlEyTgo4B0hYViLIhw
funnybff,https://www.youtube.com/channel/UC0S1esb_U7rKNF9PbsOdLGw
Funnycatsandnicefish,https://www.youtube.com/channel/UCERQZLRMniqsMlgBxme32cQ
FórmulaMoto,https://www.youtube.com/channel/UCCz4ckjYz4ET9sHQAezBohw
G7 Studio,https://www.youtube.com/channel/UCq8qpfLlHpD6Xz1If2LCLeQ
Gabriel Iglesias,https://www.youtube.com/channel/UCUxc0iEpV8wZV4WLOui0RwQ
GameSystems,https://www.youtube.com/channel/UChJa0mxbwzKDn7hdwUoGc6A
Garaje Hermético,https://www.youtube.com/channel/UCBG3pvXhocK7_GjeIx2sUeg
Gates Wildlife Control,https://www.youtube.com/channel/UC0sRFf9xyBHgb3_G0ZYPnLQ
gauravleo34ster,https://www.youtube.com/channel/UChALynI6gJLXDqebHiDW-tA
GBNews,https://www.youtube.com/channel/UC0vn8ISa4LKMunLbzaXLnOQ
Geethanjali - Indian Classical Music,https://www.youtube.com/channel/UCYHH2O-3PPL_o7nP7IBhwng
GEN3 OWL CHANNEL,https://www.youtube.com/channel/UCOk_qgWaR7b9JmB1sSI3TnA
GENIAL,https://www.youtube.com/channel/UCbrd1vu4_7qIE6IPV_dA-OA
Geopolymer Institute,https://www.youtube.com/channel/UCinYd7hvT5IlAsZPVX8jN5w
George del garaje,https://www.youtube.com/channel/UCyCSog40eVVrY8_Kc8h3VlA
Georgeos Diaz-Montexano,https://www.youtube.com/channel/UCp2TSKgqe0IquqNxvnCnc8A
Giacomo Longato,https://www.youtube.com/channel/UCqCakpXsuv-YKC9C8wU2XnA
Gio Vargas,https://www.youtube.com/channel/UCai-3lvKmH_AAtRCujGkliQ
gizmochina,https://www.youtube.com/channel/UC_alSLqNTLW624x66BLgkHg
Glass Beams,https://www.youtube.com/channel/UCz2BbywXgCxZcpAiXPlKT4Q
Glassblowing with Grant Garmezy,https://www.youtube.com/channel/UCwNhxZR8rblp3bnlk4-3aAg
GlassDuo - Glass Harp,https://www.youtube.com/channel/UCS9JV-OmWlIn7vROXZ38Dew
GlobalFix Training - Eloy Gaspar Castillo,https://www.youtube.com/channel/UCDyXidoMdYc4UFfzVpgW0YA
GLOBEBUSTERS,https://www.youtube.com/channel/UCXIovaBdnA4UHdd-TZ-MqRg
GloobalFix - Tutoriales en 1 Minuto,https://www.youtube.com/channel/UCHw4qSnflVDYk20BnIToj2w
Glove and Boots,https://www.youtube.com/channel/UC1qC39KQoTG6LqgL_YnjSSQ
Glove And Boots Archive,https://www.youtube.com/channel/UC7ApdCo-fBkGrkGgLDQ2CoA
Glove and Boots Archive,https://www.youtube.com/channel/UCXxqi4uziepf7CPoMC0JJxw
Gnawa Collective,https://www.youtube.com/channel/UCA1DjTBYsebbZX5Ril35tSg
Gnosis Video,https://www.youtube.com/channel/UCBP6oEInBumWvg57IzX2ezA
Go Wild,https://www.youtube.com/channel/UCVGTgXC1P--xM480Z6DqyAg
God's Roadmap to the End,https://www.youtube.com/channel/UCgkxVtdHaobhy5CVeF8Rsdg
gomaespuma,https://www.youtube.com/channel/UCUdYzKDNcmv3zKLcH2G79GA
Gonzalo Ré,https://www.youtube.com/channel/UC1LLY0-2o9oE-dcPmQbDcDg
GoodPlanet,https://www.youtube.com/channel/UC-XbkodADFxOT1yYE44CI6w
GoPobre,https://www.youtube.com/channel/UCcWTfr2eIdAs83iusCUTfIQ
Gordon Ramsay,https://www.youtube.com/channel/UCIEv3lZ_tNXHzL3ox-_uUGQ
Gorka Garay Aldazabal,https://www.youtube.com/channel/UCHsowNCRQw5mptrG9dduhVA
GOROWARE,https://www.youtube.com/channel/UCEm2SXE-tPDo7-gBQ5hI-hQ
GPS Essentials,https://www.youtube.com/channel/UCvUoQAKq9H8fTE5kwljv3kA
GPX Cambodia Official,https://www.youtube.com/channel/UCu5RZLnpd4OC5CrmsgdHsxw
GPX Service,https://www.youtube.com/channel/UCu7KATkeZgmyvPB3g7woFeA
Grand Performances,https://www.youtube.com/channel/UCZREhoGsnhtTG4Ga9dg3kHQ
Great Big Story,https://www.youtube.com/channel/UCajXeitgFL-rb5-gXI-aG8Q
GreenyGreenGreenie,https://www.youtube.com/channel/UC5Xgjugo97N32NGEiU2CA4A
GroundUP Music NYC,https://www.youtube.com/channel/UCPl2RYo0lLLqj8RaEADYclg
Grup Santi Taura,https://www.youtube.com/channel/UC4f5CuywXtKk5hklIQ10bMw
GTWorld,https://www.youtube.com/channel/UC-yHapH6mW1ceZ_5PDUf1_g
GUILLE RODRIGUEZ,https://www.youtube.com/channel/UComxV_SvK2aas58TJeFvLkw
Guitar Unlocked,https://www.youtube.com/channel/UCj6GXO5BrcaY5kF6DnKJfpw
Gumbal,https://www.youtube.com/channel/UCwn0jaGbgMkYioOWBzMog1Q
Guru Of Mobile,https://www.youtube.com/channel/UCdCand56t-muUUckJbFKVJw
Guía de Viajes con Samuel y Audrey,https://www.youtube.com/channel/UCD6d0LAeU8Ye51cxWGuPW4g
Gwendal - Topic,https://www.youtube.com/channel/UCWA9P4BPBQJ2amljvdYwnPg
Gypsy Jazz Fest,https://www.youtube.com/channel/UC_e8LNBO4itJmxg72vd1GdQ
GÜLSÜMÜN SARAYI TV,https://www.youtube.com/channel/UCXL8AQAyGu-g2YSG7QzDBIg
Gökmen ALTUNTAŞ,https://www.youtube.com/channel/UCnRwrrMKMCvcHhY5hhE3YZw
Habil Sagar,https://www.youtube.com/channel/UC0xhaPQ8dbeSH7M_HdtX02w
Haktan Kenarda ritim ve oyun dünyası,https://www.youtube.com/channel/UCHdorhnA6Y2djGWjEXEtUyw
HandCraft,https://www.youtube.com/channel/UCEyr6FYPqXj3agOBSBPyLWw
Happy Monks,https://www.youtube.com/channel/UCCgS_0yaZqsHj2dLCc34ETA
Hardware Canucks,https://www.youtube.com/channel/UCTzLRZUgelatKZ4nyIKcAbg
HardwarEsfera,https://www.youtube.com/channel/UCkAg9QucjcqOdMZFt5QVKlQ
Hawk vs Wolf Clips,https://www.youtube.com/channel/UCwd-d8SL3BInlmrgCnFDvhQ
HCAM,https://www.youtube.com/channel/UCk9PswI845zMloMn8kaIt1A
Heard Museum,https://www.youtube.com/channel/UCfpghTrmgWu3p_kERB7Hf6A
Heinrich Garcia,https://www.youtube.com/channel/UCcv-EQN8Ty7Y2-ioPSRrW0g
Hermanos Amor,https://www.youtube.com/channel/UCma7jYqikJZitb63iedy0qA
Hermanos Barea,https://www.youtube.com/channel/UCoUGHjZYqE68rjJnEKdCbog
HERMANOS BAREA 2,https://www.youtube.com/channel/UC0jiNufsOcA5pDjikYlSTxA
Herons Bonsai,https://www.youtube.com/channel/UCyZR5OfKC6sQ6fKHDzlruNw
Hexstatic - Topic,https://www.youtube.com/channel/UCajxd-auKKTlIb3-u0sxzhQ
HeyHow,https://www.youtube.com/channel/UCSPJFkqx0tDcYZ8qT0ze1rg
Hibbeler Productions,https://www.youtube.com/channel/UCFSZcAvRS0RHtzg9fEi9iqQ
Hierospháneia,https://www.youtube.com/channel/UCdBMMKxl3y_9EBQpxKq2g2Q
Hingaflips,https://www.youtube.com/channel/UCry_ibpylnE2eqjREqszFsA
hispacocina,https://www.youtube.com/channel/UC4yhH-DkZ4Am8tZ25Ev5b8g
HISTORIAS OCULTAS,https://www.youtube.com/channel/UCpTMh4Dx3bKpyvcfJxTzQTw
HISTORY,https://www.youtube.com/channel/UC9MAhZQQd9egwWCxrwSIsJQ
History Of India,https://www.youtube.com/channel/UCEpQWbmsA5-oPtywSgAX0Hg
HomeMade in Lviv,https://www.youtube.com/channel/UC4jLoXeW0KovdJKA5itFDSA
Honda Guy,https://www.youtube.com/channel/UCtJZJG_XoP2kOlhbonI_m9g
Honda Motorcycles Europe,https://www.youtube.com/channel/UCEIR3GF5KiYoOVLIWCTnX-w
Honda74gp,https://www.youtube.com/channel/UCG8quAWxtQAB0cIBxk7Z4cw
Hondakiller2,https://www.youtube.com/channel/UC0ozbDyltrIMr3m8j9c-vcg
Honda本田技研工業株式会社,https://www.youtube.com/channel/UCM3MKW-HudjrENmikcxUOHw
Hope For Paws - Official Rescue Channel,https://www.youtube.com/channel/UCdu8QrpJd6rdHU9fHl8J01A
Horum Art,https://www.youtube.com/channel/UCqQ1pp-cumqounD9JD5PVXg
hosiyas,https://www.youtube.com/channel/UCFuOpznUAB6myVI-AqBou-w
HouzzTV,https://www.youtube.com/channel/UC6kpDTAXXNV5SEP5g1HoPTA
HP Support,https://www.youtube.com/channel/UCHranSHHa1qo6Pg4JStkL7Q
HRom,https://www.youtube.com/channel/UCeiyuZljcK9iXzMAgzb9kpA
HTCMania,https://www.youtube.com/channel/UCYztcY1YHbAscyJlUVYbS2A
HTX Studio,https://www.youtube.com/channel/UCwffSP9kO8pMZVr1Ugqvbzw
HUATO TRIP,https://www.youtube.com/channel/UCUqcpFWlR_JZd0KWLWcI2XQ
"Hugo Alejandro.Luna""",https://www.youtube.com/channel/UCUijdXAu37tSnsm542CA5dg
Hulett Brothers,https://www.youtube.com/channel/UCh3UXFPTciJP1luW0r6DBjg
HUMAN the movie,https://www.youtube.com/channel/UCJy4nUo1D4R3hlcP8XCLX9Q
Humans2.0,https://www.youtube.com/channel/UCmSMwy5qUv2oPNVqRplExXw
Huw Richards,https://www.youtube.com/channel/UCeaKRrrpWiQFJJmiuon2WoQ
Hypers kids africa,https://www.youtube.com/channel/UCOovKrQo1eDFWYWWSyp4K2Q
Hyun-Bin Park,https://www.youtube.com/channel/UCzhnLFTmTH7ePhcXnSUxYpA
Héctor Tejedo Miniéri,https://www.youtube.com/channel/UCgfrgrMEju6Z0vkIpwWxxPg
Héroes Campesinos,https://www.youtube.com/channel/UC89Tyn0DbVm4MFm6xLDMiUQ
iALex,https://www.youtube.com/channel/UCATtKCnmhNkHkholPZqzBvg
ICGC Catalunya,https://www.youtube.com/channel/UCHoC6924p4uKeajLe548a0g
Ichika Nito,https://www.youtube.com/channel/UCq3Wpi10SyZkzVeS7vzB5Lw
Ideal Bike Adventures,https://www.youtube.com/channel/UC8YSf31gqZPMu0dsbiXAaxw
Idogo,https://www.youtube.com/channel/UC7nRXbcbphZjYZxQ3z-lrQQ
Igor Gnomo,https://www.youtube.com/channel/UCTDi0otD7xBt77XGPKZIECw
Igors Sabans,https://www.youtube.com/channel/UCoCKP3THQa_bXNHdcgN3gMQ
Iguana Custom Garage,https://www.youtube.com/channel/UCR4gx7RvquWH3T63Nq5aLaA
ilovefreesoftwareTV,https://www.youtube.com/channel/UCwhEDa4h1WcMZDHsprvmrVA
imikewillrockyou,https://www.youtube.com/channel/UC5P3JUxwDx7v2QCY8FEoz6A
Immaculate Ideal Creative Arts Foundation,https://www.youtube.com/channel/UCDVw6kcGFVcjewj7-OrlcEg
Imperial College London,https://www.youtube.com/channel/UCcRV5FPxxWFdS4Fjnk9FQvA
Improver,https://www.youtube.com/channel/UCAOSN6bcRT1EqA58-oPCyZQ
IMSA Official,https://www.youtube.com/channel/UC58em84jwiyM20qR-iqBDZw
INAH TV,https://www.youtube.com/channel/UC_xhX-lK_aV3Gs1JacenZ3g
Indialucia - Topic,https://www.youtube.com/channel/UClTLyl4_w1fP2L7DKESGuIw
Infima Prime,https://www.youtube.com/channel/UCI1vQ4_iuuB-MAF1hz5AgIA
Informática Palafrugell,https://www.youtube.com/channel/UC7vYcVAFjChej2oHJw7P_zA
InfoSquad,https://www.youtube.com/channel/UCHzvqnM2vteC67ZBIt_C84g
Ingeniería Inversa TV,https://www.youtube.com/channel/UC1pzs2X-bN2wwW1o_K8nBVg
Injection.no,https://www.youtube.com/channel/UCCo-Q5NB5ObCZWrzXtyCJsw
Inner Peace Day,https://www.youtube.com/channel/UCwaSUQxKw71ACoMb4djq7Eg
Institweet,https://www.youtube.com/channel/UC6eb7ifYPvMkmRS4kNhUM7Q
INSÓLITO DE COLECCIÓN PARAUFOLOGIA CON RAFA MERCADO,https://www.youtube.com/channel/UCUnEPxtH-VK95tLOLsiGUFQ
Insólita Experiencia,https://www.youtube.com/channel/UCzkwd76QabxHPE3bo00cRFg
International Sahaja Public School,https://www.youtube.com/channel/UCuCs2HkI9TIodk2dyd6PE0w
Into the Rewild,https://www.youtube.com/channel/UCDS3iWgxR7w-8zY2W87u9Kg
Inventos Con Reciclaje,https://www.youtube.com/channel/UCT108URHFhUZHMP-YtBppJg
IPP Formación para la vida real,https://www.youtube.com/channel/UC1bpijD0RHo2thAWaMrNhUg
Isa por ahí,https://www.youtube.com/channel/UCrPgfkd8jZIbZGZn1dJ4_7Q
Isaac Feliu,https://www.youtube.com/channel/UCGqXq6ShJXCNc8t30L2geKA
isar21,https://www.youtube.com/channel/UCMAK8L629MNOHqelUefr22g
Ismael Chee,https://www.youtube.com/channel/UC7TC33EYIFmv1drwOHjLhmA
ISRAELITA TV,https://www.youtube.com/channel/UCV4vlncJ4E0MwLBDxrpLl4Q
Istanbul Cats,https://www.youtube.com/channel/UCN-aBFWvWiPoJEu4gRuex9A
Italian F4 Championship | E4 Championship,https://www.youtube.com/channel/UCedPzacBuNSiy_klT7Zt6Wg
Italian P&C,https://www.youtube.com/channel/UCD-hWGkNIC8PaEEcA2bnV5g
Ivan Ilic,https://www.youtube.com/channel/UCeOaeHswf5HitbuOMoPy8Iw
Iván de Federal Plumbing,https://www.youtube.com/channel/UC-eZBiC67BMo8rTQZzC8-Mg
Iván Ferrero,https://www.youtube.com/channel/UCZmPpmweoSmxFKQTn8lVHCw
Izheheruvim,https://www.youtube.com/channel/UCGNofQje-jniOtkekQzeY6A
J&P Cycles,https://www.youtube.com/channel/UCc0KPctILg6USaDJS6tcJgg
J.J REVENGA,https://www.youtube.com/channel/UCXt1W7pvA8fFVAZPlVb6MNA
Jackie Venson,https://www.youtube.com/channel/UCYA3ErHXiiufRE03fLwcLoA
Jackson Galaxy,https://www.youtube.com/channel/UCheL-cUqfzUB8dfM_rFOfDQ
Jacob Collier,https://www.youtube.com/channel/UCtmY49Zn4l0RMJnTWfV7Wsg
Jade,https://www.youtube.com/channel/UCiNLz-3VLW_QP0HOaXAGNoA
Jai Shri Mataji JSM,https://www.youtube.com/channel/UCgTG8XMKs1jalBcifvFpvJA
Jain 108 Academy,https://www.youtube.com/channel/UCit05VRn-PLWbvush4sYHcQ
Jamiroquai Official,https://www.youtube.com/channel/UCd8wWXk6fSa8b8WaZbpWgvg
Jamón Lovers,https://www.youtube.com/channel/UCSC4UQ9S93XKvsiyfzGAmxQ
Jan2030sinmiedo,https://www.youtube.com/channel/UCg_z7bjf2hQwMwafHhxMmNQ
JANETT MIRANDA VALERA,https://www.youtube.com/channel/UCtdiJdnFyJFMTr6Xo0Tsa5A
Japan Vivaldi,https://www.youtube.com/channel/UC2k0qSz_zIdxEziEXvPqwgQ
Japón Go,https://www.youtube.com/channel/UCjXzyfHPS28U_prQPvQssUA
JARO Medien,https://www.youtube.com/channel/UC0t8j4-KYZ_u8FIe8FAkC1A
Jashn-e-Rekhta,https://www.youtube.com/channel/UCsNi3yBwjL9KspadEnzRVdw
Jason Maher,https://www.youtube.com/channel/UCPN6irtK3KIT2xUdQYQmh5Q
Jayling - Ohio Skies,https://www.youtube.com/channel/UCu8DLw8lIyYfLI2kv2ip-AQ
Jazz Club Sant Vicenç,https://www.youtube.com/channel/UCal3PtuEE19CnB4EmIN1xXA
Jazz Night in America,https://www.youtube.com/channel/UCIdy9BaEy8QTU80L9diHP9A
Jazz San Javier,https://www.youtube.com/channel/UCG5V5_oXO5JH7g5NS6hj7UA
jazzhole13,https://www.youtube.com/channel/UC16qAvKjeSXaNU0FksNxH8w
Jazz³+,https://www.youtube.com/channel/UC6fJWTS7Tvt_nqCtETt1Awg
JC Gigamisterios,https://www.youtube.com/channel/UCQ3zNtUFa8nSG1Tncsr-cWQ
Jean Pommart,https://www.youtube.com/channel/UCiRf7B9voQYxkTNgtdnzSEQ
jeranism,https://www.youtube.com/channel/UCS_FY5mR4g22L_E9t1D_ExQ
jeremias romero,https://www.youtube.com/channel/UC0Tm1HEh5dShjAbZsA7kPbQ
JerryRigEverything,https://www.youtube.com/channel/UCWFKCr40YwOZQx8FHU_ZqqQ
Jess Bowen,https://www.youtube.com/channel/UCHF7mY_Pr86-F6v2tECB-Yg
Jet Black Crayon - Topic,https://www.youtube.com/channel/UCvMbmVrFpVoytArQnaJMbMQ
JET X 125,https://www.youtube.com/channel/UC_bnmEgmCN9EZ7mu4Ew2HXw
Jezabel Martínez,https://www.youtube.com/channel/UCPJM-gPYAvVnXDNFVxIk7tQ
JHAN CARLOS CM,https://www.youtube.com/channel/UCAaBbRFKjaCOVVJC7mEV3pQ
Jill Scott,https://www.youtube.com/channel/UCBSrBbJVzhTr2HExOKABUBQ
Jimena Alvarez Gil,https://www.youtube.com/channel/UCB2-QM3lmg_NuyX3fOYzqOw
jimmydiresta,https://www.youtube.com/channel/UCiEk4xHBbz0hZNIBBpowdYQ
Joan Pau Cumellas,https://www.youtube.com/channel/UC1isQqddK6I4FhyLEy8drGA
Joan Reggae Drummer,https://www.youtube.com/channel/UCn_6EFEVvfphkE_VzJLUhqg
Joe,https://www.youtube.com/channel/UCgU292fypTg4YmKD6d-dHWQ
John Thor 1,https://www.youtube.com/channel/UCV6uX1lhCEuqDg5jwm2v_IA
John Zhou,https://www.youtube.com/channel/UCUlZ8pvnxfETENQKwRnz0ZA
John Ziegwied-Front & Center Concert Videos,https://www.youtube.com/channel/UCSKZ0ByxTpKdyoAfqOqA95Q
johnnielawson,https://www.youtube.com/channel/UC4UWbQ23IbWwU-XG7XIWxvQ
Jonathan Morrison,https://www.youtube.com/channel/UCDlQwv99CovKafGvxyaiNDA
Jonna Jinton,https://www.youtube.com/channel/UCAk3t7WHs2zjsZpopox8Taw
Jorhete en Honda,https://www.youtube.com/channel/UCVkY_h7OpubhSihrXb5Nrrw
Jose Luis Cayuela,https://www.youtube.com/channel/UCPLJe9RVwri4oyT_bl-20Ng
Jose Mate,https://www.youtube.com/channel/UCO7yZTjH-v4UeoCSlMyU5eA
Jose Perez,https://www.youtube.com/channel/UCZuemrGZc68ABiU1awaSqRw
Josean MG,https://www.youtube.com/channel/UC-hREIAl81V4_vhfyCGFLzA
Josep Guijarro,https://www.youtube.com/channel/UCzJ3kkKqvzmws_8LUlGZc4g
Josep Guijarro Canal Oficial,https://www.youtube.com/channel/UCIlGy26zi-BbX6zDYAMQ9Qg
josevi man,https://www.youtube.com/channel/UCNWlwe2BuBuX9cDH6ET5xdA
Josh Lippi,https://www.youtube.com/channel/UCnJoBJAmgihRWlyV5QgSujA
JOSÉ ORTEGA,https://www.youtube.com/channel/UCWt9oGKOq7RyirBmiYJwWKA
José Gabriel Londoño Jaramillo,https://www.youtube.com/channel/UCIbxnZ12z14jTVQtGPRYR7A
José Mota,https://www.youtube.com/channel/UCPCJV3XMMmdQ6ZJ4JPCf2jQ
Journeyman Pictures,https://www.youtube.com/channel/UCM2YmsRUeIbRkqjgNm0eTGQ
JourneyWithinUS,https://www.youtube.com/channel/UCq0KAOif26MnVTL-16R1F8A
Joy Kusuri,https://www.youtube.com/channel/UC8MHX0eJRU8pyPNXihOmg8g
JR Hobbs,https://www.youtube.com/channel/UC-g6IEU-QOcHoIKbdJXcB9g
JTolan Media1,https://www.youtube.com/channel/UCqjHW3sIVWspvEw9yRW_Hcw
Juan Carlos Blanco,https://www.youtube.com/channel/UCKATebKrhcFcDP6VOEnzJgw
Juan Carlos Menéndez Mentor Panadería Sin Gluten,https://www.youtube.com/channel/UCh7nJ-ebOn7l_bIULOqE5uw
Juan Francisco Burgos,https://www.youtube.com/channel/UCBBQuecIvZD9e-QiDksu06Q
"Juanjo,el Cerrajero",https://www.youtube.com/channel/UCRO1LCD83uITRY5G_FGflDQ
JuanraKalinga,https://www.youtube.com/channel/UC1bpWi5e8dVg33QEJ4v_LSQ
Juanvi Palleter,https://www.youtube.com/channel/UC4MNQbZR57YjoyzWr43lGdg
Julien LEPRETRE,https://www.youtube.com/channel/UCefpC5idnuIw_9HZpMbtseA
julioprofe,https://www.youtube.com/channel/UCIkCzk3ezlAxX5r2OFlHLaQ
Juna Serita,https://www.youtube.com/channel/UCxQ7O75INoRvnYEa40eSOZg
JunsKitchen,https://www.youtube.com/channel/UCRxAgfYexGLlu1WHGIMUDqw
JunzBass 𝄢 Backing Tracks,https://www.youtube.com/channel/UCfc6HGdWEREGFVC4MnzvRGQ
Kadapa Nagireddy,https://www.youtube.com/channel/UCFmi5jL87q3gmGRFOuB06ZA
KaderFunkyman,https://www.youtube.com/channel/UCdtsClM-v-O3QTrItHWuV2A
Kaeru-En | Escuela de Bonsai,https://www.youtube.com/channel/UCcN93hWyCsO19XWfSvluxBw
Kaja Cattery,https://www.youtube.com/channel/UCKa3zgW9h9SsYV5he-oqoqw
kaka big,https://www.youtube.com/channel/UCa8nrd05BEQ9hGbjM6LRLXA
Kamal P.,https://www.youtube.com/channel/UCu3bHgv5-KFMvHsIJ5zV3bA
KAR Automotive Training,https://www.youtube.com/channel/UCJdAbSaikuqpFsVLPNkoPnw
Karma Strikes Porch,https://www.youtube.com/channel/UCfUDxKu_EQC7bcaCMguxsNw
Kate Hacks,https://www.youtube.com/channel/UC0aa99ACWpxEu1kUvjJYjCA
Kateryna 🎻 Swiss Violin,https://www.youtube.com/channel/UCYJXcXh85KSLmndMUDpkYeg
KAZAN,https://www.youtube.com/channel/UCE1oZd3IBB8RDmu9oDU-Ybg
KBS 다큐,https://www.youtube.com/channel/UC4LW3sOslC14Vn5bcoNUBkg
Keefer Fuchs,https://www.youtube.com/channel/UCJydxpYQzqjwh6-UkLdLgJA
Keith Fairbairn,https://www.youtube.com/channel/UCl4ADUrqVRVAUMCHBCc1f3Q
kekudoo,https://www.youtube.com/channel/UCSbJg5TonXKrqYeeoLOInbw
Kenneth Tanaka,https://www.youtube.com/channel/UC7QwWqU_ZcWVko-SZvgcdMg
Kevin Parry,https://www.youtube.com/channel/UCzgkpehSWuFTQx9E8NkBqzw
Kevin Powell,https://www.youtube.com/channel/UCJZv4d5rbIKd4QHMPkcABCw
KEXP,https://www.youtube.com/channel/UC3I2GFN_F8WudD_2jUZbojA
KH DIY factory,https://www.youtube.com/channel/UCWZadwuROf5IBL8a8cxW1Pg
King Floyd - Topic,https://www.youtube.com/channel/UCPKJWLeRCJaD4enhMiqeoEw
KING of the WILD,https://www.youtube.com/channel/UCvDkDpwXSGPb35BUkjm37Tw
Kirill Runz,https://www.youtube.com/channel/UCkfdOlD6uLv7iEi-N0h7uIg
KiSH-Log 키쉬의 브이로그,https://www.youtube.com/channel/UC9cH5HQBojNzPCaTLovivbw
Kiss Tutorial,https://www.youtube.com/channel/UCQKVrulyAbdRvZQnRzT4A7Q
Kitten Academy,https://www.youtube.com/channel/UC83RKJs4eKHVE9v0YUyqzgg
Kitten Street,https://www.youtube.com/channel/UC3JYTzRVa6gK9XWTXxJ7taw
KIW,https://www.youtube.com/channel/UCLKCcJvsdynppkAPBUaYN1A
kiwilimón,https://www.youtube.com/channel/UC2_z4Qr89l510_kajfPE-iA
KLF,https://www.youtube.com/channel/UCbsEHtpoQxyWVibIPerXhug
Klint - Topic,https://www.youtube.com/channel/UC9cyqf8VTbQP0cROYhXF4Cw
Knives Galicia & EDC,https://www.youtube.com/channel/UCNe1IMmUrB3QNpgBHSmu6AA
Knot Master,https://www.youtube.com/channel/UCS4AnNjL0EOPkPFx9sbZ8DA
knotting,https://www.youtube.com/channel/UC5p7niQfcnZZhO647Sd3Neg
Koss,https://www.youtube.com/channel/UCBZ_OO-p6YZNsrnfk3SOfAw
Krcko,https://www.youtube.com/channel/UCRiUAbRwEStwivSmyhRKGVA
KReport eu,https://www.youtube.com/channel/UCpj0D1Bh-B4byvM3a0x0CQQ
Kritter Klub,https://www.youtube.com/channel/UC6zbH1Z4G32bBV9wyK6ikPA
Krzysztof Klingbein - Drummer,https://www.youtube.com/channel/UC9QWw3kXMQm-DD1sxwUXTVQ
KręciołaTV,https://www.youtube.com/channel/UC6FX0-x8RRJ4WsZr32Qh_FQ
kshitij4sy,https://www.youtube.com/channel/UCStdDFyv94_yDffkAAU_rsQ
Kubotube Makers,https://www.youtube.com/channel/UCJOXYqSQkDVoASC4eOHFELw
Kunal Malhotra 2.0,https://www.youtube.com/channel/UC83SpN0QGivcZViyqv99TWQ
Kyle LIN,https://www.youtube.com/channel/UCoY4A3pQ5zsYGN1W2xIvJqg
l4a9z4,https://www.youtube.com/channel/UC-YobggyIsJweEvw-87dJVw
La Cata Musical,https://www.youtube.com/channel/UCUZkVRcbC_T6j3kWnTFC7BQ
LA COCINA DE ENZO,https://www.youtube.com/channel/UCnh_5GJuftMVpgqBBJ3qIrQ
La Cocina de Loli Dominguez,https://www.youtube.com/channel/UC5ONfXPjWgqElh0NZaRJ1tg
La Educación Prohibida,https://www.youtube.com/channel/UCUhfd3iG0x1Wy9-EoY6CSWQ
La Fauna de Flamingo,https://www.youtube.com/channel/UCRkRbHBMAQ3wfFb9xUydZuA
La Gran Pirámide de Keops - Enigma o Dilema,https://www.youtube.com/channel/UC43g0P77FeXH5Kh4FMAj42g
La Granja del Borrego,https://www.youtube.com/channel/UCSvaaQGkoOmISS54UCITg4w
La Hora de la Nostalgia,https://www.youtube.com/channel/UCdg74Zr6I-twCiEQ8_blykQ
La Huerta de Iván,https://www.youtube.com/channel/UCmEO9brk-85D49Obum6GQQQ
La Huertina De Toni,https://www.youtube.com/channel/UC8nVWi8L7fPCjOMpSSNAM0Q
La India Increible,https://www.youtube.com/channel/UCYVn8egBql3yIqwdTJan2kw
La Luna Band,https://www.youtube.com/channel/UCla2zjxkdhTK5Li_4hsKNKQ
La Piedra del Misterio,https://www.youtube.com/channel/UCVlCc68gBOsvnlFHTCOywtA
LA RAZA OLVIDADA,https://www.youtube.com/channel/UCx9ZIOyB0eRMnDqYvz5xbXA
La Revista del Sureste Mx,https://www.youtube.com/channel/UCkMhHws6WTViD0YwYzbwZ3w
La Verdad nos hará libres,https://www.youtube.com/channel/UCVV1X-VfXozGyXT8J_diUgQ
La Voodoo Jazz Band,https://www.youtube.com/channel/UCBzoyJYm_wl7-NPp97t4QhA
LADbible Shorts,https://www.youtube.com/channel/UCflpy-GNxlahbdRdN5CRUsA
Lady the squirrel,https://www.youtube.com/channel/UCpPKMOwPgpqCb2IC43-Hhyw
Laffey and Amy,https://www.youtube.com/channel/UCpM7ggiIMv2liE5_dv-1RvQ
Lakshmi Bose,https://www.youtube.com/channel/UC-dMAXLc8dT5moG2YSFGw9A
Lamparas y Stops BQ,https://www.youtube.com/channel/UCrdZeRlAa6Z6FjtoTQ5tQvQ
laSexta,https://www.youtube.com/channel/UCh1OgMIWOlDBhFEYL3DHWjQ
LaShamba,https://www.youtube.com/channel/UCLhSonetzKcp8QEQp-hcOpw
LastBush Survival,https://www.youtube.com/channel/UCxx5Oz3kQJ82rTENqvTcDpA
Latest Sightings,https://www.youtube.com/channel/UCyfZleh4w7buTzi0WfY8WqA
Laura Cox,https://www.youtube.com/channel/UCzQNvCiZtLMvCqyZMX6D9Gg
Laura Fraile,https://www.youtube.com/channel/UChRroKYx7U7uB3Snfj1WJKQ
Laura Pacios,https://www.youtube.com/channel/UCCH2CndABfeI6cSuKKhYvAg
LawkSam,https://www.youtube.com/channel/UCDpTV6PL7WoPdHWPl-LoWXw
Lazy watchsmith,https://www.youtube.com/channel/UCf7AWIFZQIEVSFt2FVdG8Wg
Learn Sahaja Yoga,https://www.youtube.com/channel/UCQRZZv2ZCArK5P1QsOEFP_g
Learning Sahajayoga,https://www.youtube.com/channel/UCt3XHY0g_fA-tvIo2h2C3vQ
Learning to Drum,https://www.youtube.com/channel/UChteikOXbngbJc4bU12Kw8g
Legiana Collective,https://www.youtube.com/channel/UC_lpfConQGkRgq33QqHaUQg
Leo Vertunni,https://www.youtube.com/channel/UCbknk4BAgPP3BQCgYYZCI5w
Les grandes marées de Saint-Malo - EASY RIDE,https://www.youtube.com/channel/UCnvweFUgzPoOQRQ7z9TfpHA
Les Luthiers,https://www.youtube.com/channel/UCp538Jzy_VRFHAPBjyLTqJw
Level Earth Observer,https://www.youtube.com/channel/UC2uDmsN3aO4uTkO-oOyQhEQ
LevinsReview,https://www.youtube.com/channel/UCf7IsRVO1L7zgjujLMi_NQA
Lezicafilms,https://www.youtube.com/channel/UCGOSErz6SN5Y0xzEFA-Oggg
Libertalya,https://www.youtube.com/channel/UCaYU-lrmVOvAP8_5shYBFXw
Libremente | Reprograma tu Mente,https://www.youtube.com/channel/UC3DmaM1Ns1-0Ygo1aOt1dMw
Lidia Rico,https://www.youtube.com/channel/UCxJKvzlM3E6onZ26_NklNKw
Life is a Journey,https://www.youtube.com/channel/UCRAESsA-K91V1N8k9U3xQWA
LifebyMikeG,https://www.youtube.com/channel/UCzH5n3Ih5kgQoiDAQt2FwLw
Lifestylebroker,https://www.youtube.com/channel/UCBj5RfNZsqEaES1MTbHKjwQ
liila45,https://www.youtube.com/channel/UC453fzKsM97-WO7mzPAXx_A
Lince Outlander,https://www.youtube.com/channel/UC3wxebazxjzKxjjCFR5w3kg
Linux Tex,https://www.youtube.com/channel/UCS25Y-2DUke9uOU5OtLwwgg
LinuxScoop,https://www.youtube.com/channel/UCNnUnr4gwyNmzx_Bbzvt29g
Liondad_1987,https://www.youtube.com/channel/UCAExuwmw3qJNPECp1GHC0sw
LITTLE BIG BEAT STUDIOS,https://www.youtube.com/channel/UCItFLm69UtzH5FYCnHJfAHg
Littos Media,https://www.youtube.com/channel/UCIH9-O5pX3Qr9bESZB3LYdw
Liu Suria,https://www.youtube.com/channel/UC19jWo_U4oze5vzrAS3uW-A
LIVE CAM POPOCATEPETL,https://www.youtube.com/channel/UCm00usB2zrCzuH0bvV0tdlA
Live Ryu,https://www.youtube.com/channel/UCrkKFOvjmimcv18Fvt2ux5Q
Live Today,https://www.youtube.com/channel/UCRf9Ny0JwR35SNgswGLedOw
LIZALTV,https://www.youtube.com/channel/UCTyQ5_2_cUQovmKHiOcEgCA
Lo He Cocinado Yo,https://www.youtube.com/channel/UCHeo6qlt7cd9hvXQlCMpzTA
Loi Liang Yang,https://www.youtube.com/channel/UC1szFCBUWXY3ESff8dJjjzw
Loreena McKennitt,https://www.youtube.com/channel/UCO2gpkWwgxeGvlg5ThMB87w
Los Gandules,https://www.youtube.com/channel/UC-m0_hGQ9P8o8_cWHoacScg
Los Informes de Mario,https://www.youtube.com/channel/UCWB7tRy2q0l5PkpeiXaP5-g
Los Secretos del Dragón,https://www.youtube.com/channel/UCJUnNvZh5tfTpAFLIymyD7w
LosLuthiersDeLaWeb,https://www.youtube.com/channel/UCqE1r42wNLWICVg7rQ00Wow
Lotos Tiger,https://www.youtube.com/channel/UCBBKxi6ay_eAymeXh7XPIXw
Lotus,https://www.youtube.com/channel/UCnRYZKsKa8yq-gsmLnL0uSw
Lotus Sahaja yoga,https://www.youtube.com/channel/UCy518FPgiIiZcR52-T0xamA
Loudbee Music,https://www.youtube.com/channel/UCwlB2tQRY0nurkiwOEvTlHA
Lovely Kitten,https://www.youtube.com/channel/UCX43br3SeqQ5P6UK1QdpQBA
LOVISOVET,https://www.youtube.com/channel/UCVxOeydCfRkJuHF3-M7i6wQ
Lucas Brar,https://www.youtube.com/channel/UCwlnFJ4_SlJbVNQ0iye8CqQ
Lucas Herrera Fernández,https://www.youtube.com/channel/UC_MkQaH36TXyPVIM55vn42w
LUCKY LUKE CASTELLANO OFICIAL,https://www.youtube.com/channel/UCjWvkXAsj46wrnT48aTn1Sg
Luis Benito,https://www.youtube.com/channel/UC1v2i_JpZaRkg250z28YogA
LUIS ESTÉVEZ BIOLOGíA Y GEOLOGíA,https://www.youtube.com/channel/UCsRxJTPlNxTVNP2O9Bi8LiQ
Luis Garcia Diaz,https://www.youtube.com/channel/UCfAw9Nvj4Qp9rgZ4Ek9QtYw
Luke Spud,https://www.youtube.com/channel/UC161MHoBdelWj1ppgUNABAA
Luna_the_pantera,https://www.youtube.com/channel/UCoQ1bnerPAwoRaHQ-6y5Eyw
Lúnasa - Topic,https://www.youtube.com/channel/UCqsfYbDGedJdOFBaEp2jAOA
Macba Life,https://www.youtube.com/channel/UCF590iDlsFobw2KwvJq0FfA
Made in Poland,https://www.youtube.com/channel/UC8KQ6_RNAvc7a3B5hZ980iQ
Madhu Doshi,https://www.youtube.com/channel/UCqHlCpozbydj2usUNu4kStg
Mag Stigman,https://www.youtube.com/channel/UCG6qxlOz0MadF9-wjIDjXoQ
Magistrado Anticorrupción TV,https://www.youtube.com/channel/UC19elIm-yailRBWpJGSqdHg
Main Watchers,https://www.youtube.com/channel/UCpMSfnlbvJiZzlVb9wYlvfw
Maine Coon Adventures,https://www.youtube.com/channel/UC704WGuYcHfbqZ5qPeH_Bsw
Maine Coon Kittens,https://www.youtube.com/channel/UCmCOoX7E0hybWf1h7UJ4mrg
Maisimino,https://www.youtube.com/channel/UCJZ7SnBoWfQeTfEihBzhifw
MaituoGuitar,https://www.youtube.com/channel/UCBViAwRqry3gaSLNS52bAAw
Majes en Moto,https://www.youtube.com/channel/UCmkkEZtKJr5CA4v4218yUHQ
